triad_id,candidate,outcome,raw_role,reporting_role,role_status,boundary_reason,role_confidence,graph_resolution,mrsl_status,X_to_Z,Z_to_X,Z_to_Y,Y_to_Z,adjustment_decision,decision_status,decision_basis,nsnp_same_set,observed_response_same_set,conditional_F_BMI,conditional_F_candidate,F_min,identity_error,display_role_key,display_role_reason,mediator_like_display_marker,display_role,display_adjustment_decision,display_decision_reason,classification_freeze
T001_BMI_WC_CAD,WC,CAD,overlapping_measure,boundary_unresolved,boundary_unresolved,overlapping_measure,unclassified,conditional,estimated,conditional_supported,not_supported,not_supported,not_supported,Unnecessary,resolved_by_simplified_freeze_rule,"Non-mediator boundary state is assigned Unnecessary under the final simplified application rule so that Unclassified is reserved exclusively for unresolved mediator-like pathways. This is an operational classification, not proof that every upstream structural relation is identified.",302,0.337868556848222,1.11957076072966,1.12889167419436,1.119570761,-1.66533453693773e-16,downstream_surrogate_of_exposure,Overlapping body-size measures are displayed as exposure-related downstream surrogates.,FALSE,Downstream surrogate of exposure,Unnecessary,Retained from the frozen target-specific decision.,Figure4_display_classification_freeze_20260916
T002_BMI_WC_HF,WC,HF,overlapping_measure,boundary_unresolved,boundary_unresolved,overlapping_measure,unclassified,conditional,estimated,conditional_supported,not_supported,not_supported,not_supported,Unnecessary,resolved_by_simplified_freeze_rule,"Non-mediator boundary state is assigned Unnecessary under the final simplified application rule so that Unclassified is reserved exclusively for unresolved mediator-like pathways. This is an operational classification, not proof that every upstream structural relation is identified.",302,0.527809142307002,1.11957076072966,1.12889167419436,1.119570761,3.33066907387547e-16,downstream_surrogate_of_exposure,Overlapping body-size measures are displayed as exposure-related downstream surrogates.,FALSE,Downstream surrogate of exposure,Unnecessary,Retained from the frozen target-specific decision.,Figure4_display_classification_freeze_20260916
T003_BMI_WC_IS,WC,IS,overlapping_measure,boundary_unresolved,boundary_unresolved,overlapping_measure,unclassified,marginal_unresolved,error,robust_supported,unstable,robust_supported,not_estimable,Unnecessary,resolved_by_simplified_freeze_rule,"Non-mediator boundary state is assigned Unnecessary under the final simplified application rule so that Unclassified is reserved exclusively for unresolved mediator-like pathways. This is an operational classification, not proof that every upstream structural relation is identified.",262,0.209983180922132,1.15116221018849,1.15936020119256,1.15116221,-8.32667268468867e-17,downstream_surrogate_of_exposure,Overlapping body-size measures are displayed as exposure-related downstream surrogates.,FALSE,Downstream surrogate of exposure,Unnecessary,Retained from the frozen target-specific decision.,Figure4_display_classification_freeze_20260916
T004_BMI_WC_TIA,WC,TIA,overlapping_measure,boundary_unresolved,boundary_unresolved,overlapping_measure,unclassified,marginal_unresolved,error,robust_supported,unstable,robust_supported,not_estimable,Unnecessary,resolved_by_simplified_freeze_rule,"Non-mediator boundary state is assigned Unnecessary under the final simplified application rule so that Unclassified is reserved exclusively for unresolved mediator-like pathways. This is an operational classification, not proof that every upstream structural relation is identified.",302,-0.349762918432443,1.11957076072966,1.12889167419436,1.119570761,5.55111512312578e-17,downstream_surrogate_of_exposure,Overlapping body-size measures are displayed as exposure-related downstream surrogates.,FALSE,Downstream surrogate of exposure,Unnecessary,Retained from the frozen target-specific decision.,Figure4_display_classification_freeze_20260916
T005_BMI_WC_AAA,WC,AAA,overlapping_measure,boundary_unresolved,boundary_unresolved,overlapping_measure,unclassified,conditional,estimated,conditional_supported,not_supported,not_supported,not_supported,Unnecessary,resolved_by_simplified_freeze_rule,"Non-mediator boundary state is assigned Unnecessary under the final simplified application rule so that Unclassified is reserved exclusively for unresolved mediator-like pathways. This is an operational classification, not proof that every upstream structural relation is identified.",289,0.673596595856095,1.10605058824066,1.11602529113108,1.106050588,0,downstream_surrogate_of_exposure,Overlapping body-size measures are displayed as exposure-related downstream surrogates.,FALSE,Downstream surrogate of exposure,Unnecessary,Retained from the frozen target-specific decision.,Figure4_display_classification_freeze_20260916
T006_BMI_WC_TAA,WC,TAA,overlapping_measure,boundary_unresolved,boundary_unresolved,overlapping_measure,unclassified,conditional,estimated,conditional_supported,not_supported,not_supported,not_supported,Unnecessary,resolved_by_simplified_freeze_rule,"Non-mediator boundary state is assigned Unnecessary under the final simplified application rule so that Unclassified is reserved exclusively for unresolved mediator-like pathways. This is an operational classification, not proof that every upstream structural relation is identified.",289,-0.538916268105324,1.13899937227945,1.14922021160558,1.138999372,-1.11022302462516e-16,downstream_surrogate_of_exposure,Overlapping body-size measures are displayed as exposure-related downstream surrogates.,FALSE,Downstream surrogate of exposure,Unnecessary,Retained from the frozen target-specific decision.,Figure4_display_classification_freeze_20260916
T007_BMI_WC_PVD,WC,PVD,overlapping_measure,boundary_unresolved,boundary_unresolved,overlapping_measure,unclassified,conditional,estimated,conditional_supported,not_supported,conditional_supported,not_supported,Unnecessary,resolved_by_simplified_freeze_rule,"Non-mediator boundary state is assigned Unnecessary under the final simplified application rule so that Unclassified is reserved exclusively for unresolved mediator-like pathways. This is an operational classification, not proof that every upstream structural relation is identified.",302,0.782623102983193,1.11957076072966,1.12889167419436,1.119570761,-3.33066907387547e-16,downstream_surrogate_of_exposure,Overlapping body-size measures are displayed as exposure-related downstream surrogates.,FALSE,Downstream surrogate of exposure,Unnecessary,Retained from the frozen target-specific decision.,Figure4_display_classification_freeze_20260916
T008_BMI_WC_PE,WC,PE,overlapping_measure,boundary_unresolved,boundary_unresolved,overlapping_measure,unclassified,conditional,estimated,conditional_supported,not_supported,conditional_supported,not_supported,Unnecessary,resolved_by_simplified_freeze_rule,"Non-mediator boundary state is assigned Unnecessary under the final simplified application rule so that Unclassified is reserved exclusively for unresolved mediator-like pathways. This is an operational classification, not proof that every upstream structural relation is identified.",302,0.718955783580619,1.11957076072966,1.12889167419436,1.119570761,-1.11022302462516e-16,downstream_surrogate_of_exposure,Overlapping body-size measures are displayed as exposure-related downstream surrogates.,FALSE,Downstream surrogate of exposure,Unnecessary,Retained from the frozen target-specific decision.,Figure4_display_classification_freeze_20260916
T009_BMI_WC_SAH,WC,SAH,overlapping_measure,boundary_unresolved,boundary_unresolved,overlapping_measure,unclassified,conditional,estimated,conditional_supported,not_supported,not_supported,not_supported,Unnecessary,resolved_by_simplified_freeze_rule,"Non-mediator boundary state is assigned Unnecessary under the final simplified application rule so that Unclassified is reserved exclusively for unresolved mediator-like pathways. This is an operational classification, not proof that every upstream structural relation is identified.",302,0.0861504365712507,1.11957076072966,1.12889167419436,1.119570761,5.55111512312578e-17,downstream_surrogate_of_exposure,Overlapping body-size measures are displayed as exposure-related downstream surrogates.,FALSE,Downstream surrogate of exposure,Unnecessary,Retained from the frozen target-specific decision.,Figure4_display_classification_freeze_20260916
T010_BMI_WC_ICH,WC,ICH,overlapping_measure,boundary_unresolved,boundary_unresolved,overlapping_measure,unclassified,conditional,estimated,conditional_supported,not_supported,conditional_supported,not_supported,Unnecessary,resolved_by_simplified_freeze_rule,"Non-mediator boundary state is assigned Unnecessary under the final simplified application rule so that Unclassified is reserved exclusively for unresolved mediator-like pathways. This is an operational classification, not proof that every upstream structural relation is identified.",302,1.46366318234177,1.11957076072966,1.12889167419436,1.119570761,2.22044604925031e-16,downstream_surrogate_of_exposure,Overlapping body-size measures are displayed as exposure-related downstream surrogates.,FALSE,Downstream surrogate of exposure,Unnecessary,Retained from the frozen target-specific decision.,Figure4_display_classification_freeze_20260916
T011_BMI_WC_DVT,WC,DVT,overlapping_measure,boundary_unresolved,boundary_unresolved,overlapping_measure,unclassified,conditional,estimated,conditional_supported,not_supported,not_supported,not_supported,Unnecessary,resolved_by_simplified_freeze_rule,"Non-mediator boundary state is assigned Unnecessary under the final simplified application rule so that Unclassified is reserved exclusively for unresolved mediator-like pathways. This is an operational classification, not proof that every upstream structural relation is identified.",302,0.275618652676772,1.11957076072966,1.12889167419436,1.119570761,-2.77555756156289e-16,downstream_surrogate_of_exposure,Overlapping body-size measures are displayed as exposure-related downstream surrogates.,FALSE,Downstream surrogate of exposure,Unnecessary,Retained from the frozen target-specific decision.,Figure4_display_classification_freeze_20260916
T012_BMI_WC_AVS,WC,AVS,overlapping_measure,boundary_unresolved,boundary_unresolved,overlapping_measure,unclassified,conditional,estimated,conditional_supported,not_supported,not_supported,not_supported,Unnecessary,resolved_by_simplified_freeze_rule,"Non-mediator boundary state is assigned Unnecessary under the final simplified application rule so that Unclassified is reserved exclusively for unresolved mediator-like pathways. This is an operational classification, not proof that every upstream structural relation is identified.",270,0.213226311811934,1.03980357579139,1.06024801889402,1.039803576,3.88578058618805e-16,downstream_surrogate_of_exposure,Overlapping body-size measures are displayed as exposure-related downstream surrogates.,FALSE,Downstream surrogate of exposure,Unnecessary,Retained from the frozen target-specific decision.,Figure4_display_classification_freeze_20260916
T013_BMI_WC_AF,WC,AF,overlapping_measure,boundary_unresolved,boundary_unresolved,overlapping_measure,unclassified,conditional,estimated,conditional_supported,not_supported,conditional_supported,not_supported,Unnecessary,resolved_by_simplified_freeze_rule,"Non-mediator boundary state is assigned Unnecessary under the final simplified application rule so that Unclassified is reserved exclusively for unresolved mediator-like pathways. This is an operational classification, not proof that every upstream structural relation is identified.",302,0.571773964821398,1.11957076072966,1.12889167419436,1.119570761,5.55111512312578e-16,downstream_surrogate_of_exposure,Overlapping body-size measures are displayed as exposure-related downstream surrogates.,FALSE,Downstream surrogate of exposure,Unnecessary,Retained from the frozen target-specific decision.,Figure4_display_classification_freeze_20260916
T014_BMI_WC_HTN,WC,HTN,overlapping_measure,boundary_unresolved,boundary_unresolved,overlapping_measure,unclassified,conditional,estimated,conditional_supported,not_supported,conditional_supported,not_supported,Unnecessary,resolved_by_simplified_freeze_rule,"Non-mediator boundary state is assigned Unnecessary under the final simplified application rule so that Unclassified is reserved exclusively for unresolved mediator-like pathways. This is an operational classification, not proof that every upstream structural relation is identified.",302,0.23094100811425,1.11957076072966,1.12889167419436,1.119570761,1.11022302462516e-16,downstream_surrogate_of_exposure,Overlapping body-size measures are displayed as exposure-related downstream surrogates.,FALSE,Downstream surrogate of exposure,Unnecessary,Retained from the frozen target-specific decision.,Figure4_display_classification_freeze_20260916
T015_BMI_HC_CAD,HC,CAD,overlapping_measure,boundary_unresolved,boundary_unresolved,overlapping_measure,unclassified,marginal_unresolved,cyclic_marginal_graph,robust_supported,robust_supported,robust_supported,not_supported,Unnecessary,resolved_by_simplified_freeze_rule,"Non-mediator boundary state is assigned Unnecessary under the final simplified application rule so that Unclassified is reserved exclusively for unresolved mediator-like pathways. This is an operational classification, not proof that every upstream structural relation is identified.",337,-0.640323742524926,4.36853196032464,3.98817524679036,3.988175247,3.33066907387547e-16,downstream_surrogate_of_exposure,Overlapping body-size measures are displayed as exposure-related downstream surrogates.,FALSE,Downstream surrogate of exposure,Unnecessary,Retained from the frozen target-specific decision.,Figure4_display_classification_freeze_20260916
T016_BMI_HC_HF,HC,HF,overlapping_measure,boundary_unresolved,boundary_unresolved,overlapping_measure,unclassified,marginal_unresolved,cyclic_marginal_graph,robust_supported,robust_supported,robust_supported,not_supported,Unnecessary,resolved_by_simplified_freeze_rule,"Non-mediator boundary state is assigned Unnecessary under the final simplified application rule so that Unclassified is reserved exclusively for unresolved mediator-like pathways. This is an operational classification, not proof that every upstream structural relation is identified.",337,-0.0730995096286911,4.36853196032464,3.98817524679036,3.988175247,6.38378239159465e-16,downstream_surrogate_of_exposure,Overlapping body-size measures are displayed as exposure-related downstream surrogates.,FALSE,Downstream surrogate of exposure,Unnecessary,Retained from the frozen target-specific decision.,Figure4_display_classification_freeze_20260916
T017_BMI_HC_IS,HC,IS,overlapping_measure,boundary_unresolved,boundary_unresolved,overlapping_measure,unclassified,marginal_unresolved,cyclic_marginal_graph,robust_supported,robust_supported,unstable,not_estimable,Unnecessary,resolved_by_simplified_freeze_rule,"Non-mediator boundary state is assigned Unnecessary under the final simplified application rule so that Unclassified is reserved exclusively for unresolved mediator-like pathways. This is an operational classification, not proof that every upstream structural relation is identified.",294,-0.322151569856194,4.58777624235105,4.10490077004913,4.10490077,-2.22044604925031e-16,downstream_surrogate_of_exposure,Overlapping body-size measures are displayed as exposure-related downstream surrogates.,FALSE,Downstream surrogate of exposure,Unnecessary,Retained from the frozen target-specific decision.,Figure4_display_classification_freeze_20260916
T018_BMI_HC_TIA,HC,TIA,overlapping_measure,boundary_unresolved,boundary_unresolved,overlapping_measure,unclassified,marginal_unresolved,cyclic_marginal_graph,robust_supported,robust_supported,robust_supported,not_estimable,Unnecessary,resolved_by_simplified_freeze_rule,"Non-mediator boundary state is assigned Unnecessary under the final simplified application rule so that Unclassified is reserved exclusively for unresolved mediator-like pathways. This is an operational classification, not proof that every upstream structural relation is identified.",337,-0.537549842106551,4.36853196032464,3.98817524679036,3.988175247,-2.22044604925031e-16,downstream_surrogate_of_exposure,Overlapping body-size measures are displayed as exposure-related downstream surrogates.,FALSE,Downstream surrogate of exposure,Unnecessary,Retained from the frozen target-specific decision.,Figure4_display_classification_freeze_20260916
T019_BMI_HC_AAA,HC,AAA,overlapping_measure,boundary_unresolved,boundary_unresolved,overlapping_measure,unclassified,marginal_unresolved,cyclic_marginal_graph,robust_supported,robust_supported,sensitivity_qualified,not_supported,Unnecessary,resolved_by_simplified_freeze_rule,"Non-mediator boundary state is assigned Unnecessary under the final simplified application rule so that Unclassified is reserved exclusively for unresolved mediator-like pathways. This is an operational classification, not proof that every upstream structural relation is identified.",322,0.0633595099656904,4.35283115346445,3.94982164607259,3.949821646,2.77555756156289e-17,downstream_surrogate_of_exposure,Overlapping body-size measures are displayed as exposure-related downstream surrogates.,FALSE,Downstream surrogate of exposure,Unnecessary,Retained from the frozen target-specific decision.,Figure4_display_classification_freeze_20260916
T020_BMI_HC_TAA,HC,TAA,overlapping_measure,boundary_unresolved,boundary_unresolved,overlapping_measure,unclassified,marginal_unresolved,cyclic_marginal_graph,robust_supported,robust_supported,not_supported,not_estimable,Unnecessary,resolved_by_simplified_freeze_rule,"Non-mediator boundary state is assigned Unnecessary under the final simplified application rule so that Unclassified is reserved exclusively for unresolved mediator-like pathways. This is an operational classification, not proof that every upstream structural relation is identified.",322,0.697527064153106,4.08902406625471,3.69943461861234,3.699434619,0,downstream_surrogate_of_exposure,Overlapping body-size measures are displayed as exposure-related downstream surrogates.,FALSE,Downstream surrogate of exposure,Unnecessary,Retained from the frozen target-specific decision.,Figure4_display_classification_freeze_20260916
T021_BMI_HC_PVD,HC,PVD,overlapping_measure,boundary_unresolved,boundary_unresolved,overlapping_measure,unclassified,marginal_unresolved,cyclic_marginal_graph,robust_supported,robust_supported,robust_supported,robust_supported,Unnecessary,resolved_by_simplified_freeze_rule,"Non-mediator boundary state is assigned Unnecessary under the final simplified application rule so that Unclassified is reserved exclusively for unresolved mediator-like pathways. This is an operational classification, not proof that every upstream structural relation is identified.",337,-0.647353911115426,4.36853196032464,3.98817524679036,3.988175247,1.11022302462516e-16,downstream_surrogate_of_exposure,Overlapping body-size measures are displayed as exposure-related downstream surrogates.,FALSE,Downstream surrogate of exposure,Unnecessary,Retained from the frozen target-specific decision.,Figure4_display_classification_freeze_20260916
T022_BMI_HC_PE,HC,PE,overlapping_measure,boundary_unresolved,boundary_unresolved,overlapping_measure,unclassified,marginal_unresolved,cyclic_marginal_graph,robust_supported,robust_supported,robust_supported,not_supported,Unnecessary,resolved_by_simplified_freeze_rule,"Non-mediator boundary state is assigned Unnecessary under the final simplified application rule so that Unclassified is reserved exclusively for unresolved mediator-like pathways. This is an operational classification, not proof that every upstream structural relation is identified.",337,0.149398527193866,4.36853196032464,3.98817524679036,3.988175247,2.77555756156289e-17,downstream_surrogate_of_exposure,Overlapping body-size measures are displayed as exposure-related downstream surrogates.,FALSE,Downstream surrogate of exposure,Unnecessary,Retained from the frozen target-specific decision.,Figure4_display_classification_freeze_20260916
T023_BMI_HC_SAH,HC,SAH,overlapping_measure,boundary_unresolved,boundary_unresolved,overlapping_measure,unclassified,marginal_unresolved,cyclic_marginal_graph,robust_supported,robust_supported,robust_supported,not_estimable,Unnecessary,resolved_by_simplified_freeze_rule,"Non-mediator boundary state is assigned Unnecessary under the final simplified application rule so that Unclassified is reserved exclusively for unresolved mediator-like pathways. This is an operational classification, not proof that every upstream structural relation is identified.",337,-0.642135486955567,4.36853196032464,3.98817524679036,3.988175247,1.11022302462516e-16,downstream_surrogate_of_exposure,Overlapping body-size measures are displayed as exposure-related downstream surrogates.,FALSE,Downstream surrogate of exposure,Unnecessary,Retained from the frozen target-specific decision.,Figure4_display_classification_freeze_20260916
T024_BMI_HC_ICH,HC,ICH,overlapping_measure,boundary_unresolved,boundary_unresolved,overlapping_measure,unclassified,marginal_unresolved,cyclic_marginal_graph,robust_supported,robust_supported,unstable,not_supported,Unnecessary,resolved_by_simplified_freeze_rule,"Non-mediator boundary state is assigned Unnecessary under the final simplified application rule so that Unclassified is reserved exclusively for unresolved mediator-like pathways. This is an operational classification, not proof that every upstream structural relation is identified.",337,-0.324248173024313,4.36853196032464,3.98817524679036,3.988175247,-1.66533453693773e-16,downstream_surrogate_of_exposure,Overlapping body-size measures are displayed as exposure-related downstream surrogates.,FALSE,Downstream surrogate of exposure,Unnecessary,Retained from the frozen target-specific decision.,Figure4_display_classification_freeze_20260916
T025_BMI_HC_DVT,HC,DVT,overlapping_measure,boundary_unresolved,boundary_unresolved,overlapping_measure,unclassified,marginal_unresolved,cyclic_marginal_graph,robust_supported,robust_supported,robust_supported,not_supported,Unnecessary,resolved_by_simplified_freeze_rule,"Non-mediator boundary state is assigned Unnecessary under the final simplified application rule so that Unclassified is reserved exclusively for unresolved mediator-like pathways. This is an operational classification, not proof that every upstream structural relation is identified.",337,-0.0165072149412278,4.36853196032464,3.98817524679036,3.988175247,-1.04083408558608e-17,downstream_surrogate_of_exposure,Overlapping body-size measures are displayed as exposure-related downstream surrogates.,FALSE,Downstream surrogate of exposure,Unnecessary,Retained from the frozen target-specific decision.,Figure4_display_classification_freeze_20260916
T026_BMI_HC_AVS,HC,AVS,overlapping_measure,boundary_unresolved,boundary_unresolved,overlapping_measure,unclassified,marginal_unresolved,cyclic_marginal_graph,robust_supported,robust_supported,robust_supported,not_supported,Unnecessary,resolved_by_simplified_freeze_rule,"Non-mediator boundary state is assigned Unnecessary under the final simplified application rule so that Unclassified is reserved exclusively for unresolved mediator-like pathways. This is an operational classification, not proof that every upstream structural relation is identified.",299,-0.275547186961832,4.36665457488505,4.15674022251906,4.156740223,5.55111512312578e-17,downstream_surrogate_of_exposure,Overlapping body-size measures are displayed as exposure-related downstream surrogates.,FALSE,Downstream surrogate of exposure,Unnecessary,Retained from the frozen target-specific decision.,Figure4_display_classification_freeze_20260916
T027_BMI_HC_AF,HC,AF,overlapping_measure,boundary_unresolved,boundary_unresolved,overlapping_measure,unclassified,marginal_unresolved,cyclic_marginal_graph,robust_supported,robust_supported,robust_supported,not_supported,Unnecessary,resolved_by_simplified_freeze_rule,"Non-mediator boundary state is assigned Unnecessary under the final simplified application rule so that Unclassified is reserved exclusively for unresolved mediator-like pathways. This is an operational classification, not proof that every upstream structural relation is identified.",337,0.511634184828688,4.36853196032464,3.98817524679036,3.988175247,0,downstream_surrogate_of_exposure,Overlapping body-size measures are displayed as exposure-related downstream surrogates.,FALSE,Downstream surrogate of exposure,Unnecessary,Retained from the frozen target-specific decision.,Figure4_display_classification_freeze_20260916
T028_BMI_HC_HTN,HC,HTN,overlapping_measure,boundary_unresolved,boundary_unresolved,overlapping_measure,unclassified,marginal_unresolved,cyclic_marginal_graph,robust_supported,robust_supported,unstable,unstable,Unnecessary,resolved_by_simplified_freeze_rule,"Non-mediator boundary state is assigned Unnecessary under the final simplified application rule so that Unclassified is reserved exclusively for unresolved mediator-like pathways. This is an operational classification, not proof that every upstream structural relation is identified.",337,-0.438772711679168,4.36853196032464,3.98817524679036,3.988175247,-5.55111512312578e-17,downstream_surrogate_of_exposure,Overlapping body-size measures are displayed as exposure-related downstream surrogates.,FALSE,Downstream surrogate of exposure,Unnecessary,Retained from the frozen target-specific decision.,Figure4_display_classification_freeze_20260916
T029_BMI_SBP_CAD,SBP,CAD,mediator_out_of_library,boundary_unresolved,boundary_unresolved,mediator_like_pathway,unclassified,conditional,estimated,conditional_supported,not_supported,conditional_supported,not_supported,Overadjustment,resolved_target_consequence_boundary_role,Conditional evidence supports BMI -> candidate -> outcome; inclusion changes the BMI total-effect target toward a direct-effect contrast. The structural label remains outside the six-role prevalence.,335,0.178412859615152,39.3412712112145,20.6946459637329,20.69464596,2.77555756156289e-17,downstream_surrogate_of_exposure,Mediator-like row displayed in the exposure-downstream colour family and marked M.,TRUE,Downstream surrogate of exposure,Overadjustment,Retained from the frozen target-specific decision.,Figure4_display_classification_freeze_20260916
T030_BMI_SBP_HF,SBP,HF,mediator_out_of_library,boundary_unresolved,boundary_unresolved,mediator_like_pathway,unclassified,conditional,estimated,conditional_supported,not_supported,conditional_supported,not_supported,Overadjustment,resolved_target_consequence_boundary_role,Conditional evidence supports BMI -> candidate -> outcome; inclusion changes the BMI total-effect target toward a direct-effect contrast. The structural label remains outside the six-role prevalence.,335,0.170212509791822,39.3412712112145,20.6946459637329,20.69464596,2.4980018054066e-16,downstream_surrogate_of_exposure,Mediator-like row displayed in the exposure-downstream colour family and marked M.,TRUE,Downstream surrogate of exposure,Overadjustment,Retained from the frozen target-specific decision.,Figure4_display_classification_freeze_20260916
T031_BMI_SBP_IS,SBP,IS,mediator_out_of_library,boundary_unresolved,boundary_unresolved,mediator_like_pathway,unclassified,marginal_unresolved,error,robust_supported,unstable,robust_supported,not_estimable,Unclassified,unclassified_structure,"Mediator-like pattern is recorded, but conditional graph evidence is unresolved or unstable; Unclassified is retained because this is the only boundary state allowed to remain unresolved under the final simplified rule.",292,0.204210294257708,39.2049687634172,19.54145995369,19.54145995,-8.32667268468867e-17,downstream_surrogate_of_exposure,Mediator-like row displayed in the exposure-downstream colour family and marked M.,TRUE,Downstream surrogate of exposure,Overadjustment,Mediator-like pathway is displayed as Overadjustment for the BMI total-effect target.,Figure4_display_classification_freeze_20260916
T032_BMI_SBP_TIA,SBP,TIA,downstream_surrogate_of_exposure,boundary_unresolved,boundary_unresolved,insufficiently_informative,low_exploratory,marginal_unresolved,error,robust_supported,unstable,unstable,not_estimable,Unnecessary,resolved_by_simplified_freeze_rule,"Non-mediator boundary state is assigned Unnecessary under the final simplified application rule so that Unclassified is reserved exclusively for unresolved mediator-like pathways. This is an operational classification, not proof that every upstream structural relation is identified.",335,0.167425254596379,39.3412712112145,20.6946459637329,20.69464596,-1.66533453693773e-16,downstream_surrogate_of_exposure,Downstream-surrogate-of-exposure family retained under the simplified display rule.,FALSE,Downstream surrogate of exposure,Unnecessary,Retained from the frozen target-specific decision.,Figure4_display_classification_freeze_20260916
T033_BMI_SBP_AAA,SBP,AAA,mediator_out_of_library,boundary_unresolved,boundary_unresolved,mediator_like_pathway,unclassified,conditional,estimated,conditional_supported,not_supported,conditional_supported,not_supported,Overadjustment,resolved_target_consequence_boundary_role,Conditional evidence supports BMI -> candidate -> outcome; inclusion changes the BMI total-effect target toward a direct-effect contrast. The structural label remains outside the six-role prevalence.,318,0.11305238043472,39.9203104989456,20.0213711607532,20.02137116,-2.35922392732846e-16,downstream_surrogate_of_exposure,Mediator-like row displayed in the exposure-downstream colour family and marked M.,TRUE,Downstream surrogate of exposure,Overadjustment,Retained from the frozen target-specific decision.,Figure4_display_classification_freeze_20260916
T034_BMI_SBP_TAA,SBP,TAA,downstream_surrogate_of_exposure,downstream_surrogate_of_exposure,resolved_six_role,,high,conditional,estimated,conditional_supported,not_supported,not_supported,not_supported,Unnecessary,resolved_target_decision,The canonical surrogate relation does not alter the prespecified BMI total-effect target under the frozen Table 2 rule.,319,0.100538860449249,39.456329896876,20.9939985906214,20.99399859,-1.80411241501588e-16,downstream_surrogate_of_exposure,Retained from the frozen integrated working-role assignment.,FALSE,Downstream surrogate of exposure,Unnecessary,Retained from the frozen target-specific decision.,Figure4_display_classification_freeze_20260916
T035_BMI_SBP_PVD,SBP,PVD,mediator_out_of_library,boundary_unresolved,boundary_unresolved,mediator_like_pathway,unclassified,conditional,estimated,conditional_supported,not_supported,conditional_supported,not_supported,Overadjustment,resolved_target_consequence_boundary_role,Conditional evidence supports BMI -> candidate -> outcome; inclusion changes the BMI total-effect target toward a direct-effect contrast. The structural label remains outside the six-role prevalence.,335,0.154511845774989,39.3412712112145,20.6946459637329,20.69464596,-2.4980018054066e-16,downstream_surrogate_of_exposure,Mediator-like row displayed in the exposure-downstream colour family and marked M.,TRUE,Downstream surrogate of exposure,Overadjustment,Retained from the frozen target-specific decision.,Figure4_display_classification_freeze_20260916
T036_BMI_SBP_PE,SBP,PE,mediator_out_of_library,boundary_unresolved,boundary_unresolved,mediator_like_pathway,unclassified,conditional,estimated,conditional_supported,not_supported,conditional_supported,not_supported,Overadjustment,resolved_target_consequence_boundary_role,Conditional evidence supports BMI -> candidate -> outcome; inclusion changes the BMI total-effect target toward a direct-effect contrast. The structural label remains outside the six-role prevalence.,335,0.0564018036877774,39.3412712112145,20.6946459637329,20.69464596,-9.0205620750794e-17,downstream_surrogate_of_exposure,Mediator-like row displayed in the exposure-downstream colour family and marked M.,TRUE,Downstream surrogate of exposure,Overadjustment,Retained from the frozen target-specific decision.,Figure4_display_classification_freeze_20260916
T037_BMI_SBP_SAH,SBP,SAH,mediator_out_of_library,boundary_unresolved,boundary_unresolved,mediator_like_pathway,unclassified,conditional,estimated,conditional_supported,not_supported,conditional_supported,not_supported,Overadjustment,resolved_target_consequence_boundary_role,Conditional evidence supports BMI -> candidate -> outcome; inclusion changes the BMI total-effect target toward a direct-effect contrast. The structural label remains outside the six-role prevalence.,335,0.178993745487839,39.3412712112145,20.6946459637329,20.69464596,-8.32667268468867e-17,downstream_surrogate_of_exposure,Mediator-like row displayed in the exposure-downstream colour family and marked M.,TRUE,Downstream surrogate of exposure,Overadjustment,Retained from the frozen target-specific decision.,Figure4_display_classification_freeze_20260916
T038_BMI_SBP_ICH,SBP,ICH,mediator_out_of_library,boundary_unresolved,boundary_unresolved,mediator_like_pathway,unclassified,conditional,estimated,conditional_supported,not_supported,conditional_supported,not_supported,Overadjustment,resolved_target_consequence_boundary_role,Conditional evidence supports BMI -> candidate -> outcome; inclusion changes the BMI total-effect target toward a direct-effect contrast. The structural label remains outside the six-role prevalence.,335,0.143940465851018,39.3412712112145,20.6946459637329,20.69464596,-2.77555756156289e-17,downstream_surrogate_of_exposure,Mediator-like row displayed in the exposure-downstream colour family and marked M.,TRUE,Downstream surrogate of exposure,Overadjustment,Retained from the frozen target-specific decision.,Figure4_display_classification_freeze_20260916
T039_BMI_SBP_DVT,SBP,DVT,mediator_out_of_library,boundary_unresolved,boundary_unresolved,mediator_like_pathway,unclassified,conditional,estimated,conditional_supported,not_supported,conditional_supported,not_supported,Overadjustment,resolved_target_consequence_boundary_role,Conditional evidence supports BMI -> candidate -> outcome; inclusion changes the BMI total-effect target toward a direct-effect contrast. The structural label remains outside the six-role prevalence.,335,0.0684643343529958,39.3412712112145,20.6946459637329,20.69464596,-3.7470027081099e-16,downstream_surrogate_of_exposure,Mediator-like row displayed in the exposure-downstream colour family and marked M.,TRUE,Downstream surrogate of exposure,Overadjustment,Retained from the frozen target-specific decision.,Figure4_display_classification_freeze_20260916
T040_BMI_SBP_AVS,SBP,AVS,mediator_out_of_library,boundary_unresolved,boundary_unresolved,mediator_like_pathway,unclassified,conditional,estimated,conditional_supported,not_supported,conditional_supported,not_supported,Overadjustment,resolved_target_consequence_boundary_role,Conditional evidence supports BMI -> candidate -> outcome; inclusion changes the BMI total-effect target toward a direct-effect contrast. The structural label remains outside the six-role prevalence.,301,0.19743718137763,39.6194622503031,20.6903325294974,20.69033253,-1.11022302462516e-16,downstream_surrogate_of_exposure,Mediator-like row displayed in the exposure-downstream colour family and marked M.,TRUE,Downstream surrogate of exposure,Overadjustment,Retained from the frozen target-specific decision.,Figure4_display_classification_freeze_20260916
T041_BMI_SBP_AF,SBP,AF,mediator_out_of_library,boundary_unresolved,boundary_unresolved,mediator_like_pathway,unclassified,conditional,estimated,conditional_supported,not_supported,conditional_supported,not_supported,Overadjustment,resolved_target_consequence_boundary_role,Conditional evidence supports BMI -> candidate -> outcome; inclusion changes the BMI total-effect target toward a direct-effect contrast. The structural label remains outside the six-role prevalence.,335,0.141760462375151,39.3412712112145,20.6946459637329,20.69464596,5.55111512312578e-17,downstream_surrogate_of_exposure,Mediator-like row displayed in the exposure-downstream colour family and marked M.,TRUE,Downstream surrogate of exposure,Overadjustment,Retained from the frozen target-specific decision.,Figure4_display_classification_freeze_20260916
T042_BMI_SBP_HTN,SBP,HTN,collider,collider,resolved_six_role,,high,conditional,estimated,conditional_supported,not_supported,not_supported,conditional_supported,Unclassified,resolved_target_decision,Conditioning on a collider opens a noncausal pathway for the BMI total-effect target.,335,0.229230396123069,39.3412712112145,20.6946459637329,20.69464596,-8.32667268468867e-17,collider,Retained from the frozen integrated working-role assignment.,FALSE,Collider,Unclassified,Collider role alone does not resolve the inclusion consequence.,Figure4_display_classification_freeze_20260916
T043_BMI_DBP_CAD,DBP,CAD,independent_cause,independent_cause,resolved_six_role,,high,conditional,estimated,not_supported,not_supported,conditional_supported,not_supported,Unnecessary,resolved_by_simplified_freeze_rule,"Independent cause is assigned Unnecessary under the final simplified application rule. The retained-SNP manifest is not present, so this is an operational classification and not a claim that retained-instrument validity was independently verified.",314,0.25087729399985,34.7944879252463,17.7971887879056,17.79718879,5.55111512312578e-17,independent_cause,Retained from the frozen integrated working-role assignment.,FALSE,Independent cause,Unnecessary,Retained from the frozen target-specific decision.,Figure4_display_classification_freeze_20260916
T044_BMI_DBP_HF,DBP,HF,independent_cause,independent_cause,resolved_six_role,,high,conditional,estimated,not_supported,not_supported,conditional_supported,not_supported,Unnecessary,resolved_by_simplified_freeze_rule,"Independent cause is assigned Unnecessary under the final simplified application rule. The retained-SNP manifest is not present, so this is an operational classification and not a claim that retained-instrument validity was independently verified.",314,0.233004445508519,34.7944879252463,17.7971887879056,17.79718879,5.55111512312578e-17,independent_cause,Retained from the frozen integrated working-role assignment.,FALSE,Independent cause,Unnecessary,Retained from the frozen target-specific decision.,Figure4_display_classification_freeze_20260916
T045_BMI_DBP_IS,DBP,IS,independent_cause,boundary_unresolved,boundary_unresolved,insufficiently_informative,low_exploratory,marginal_unresolved,error,unstable,unstable,robust_supported,not_estimable,Unnecessary,resolved_by_simplified_freeze_rule,"Non-mediator boundary state is assigned Unnecessary under the final simplified application rule so that Unclassified is reserved exclusively for unresolved mediator-like pathways. This is an operational classification, not proof that every upstream structural relation is identified.",274,0.239128358873195,32.8794923453989,16.2274785593676,16.22747856,0,independent_cause,Independent-cause family retained under the simplified display rule.,FALSE,Independent cause,Unnecessary,Retained from the frozen target-specific decision.,Figure4_display_classification_freeze_20260916
T046_BMI_DBP_TIA,DBP,TIA,independent_cause,boundary_unresolved,boundary_unresolved,insufficiently_informative,low_exploratory,marginal_unresolved,error,unstable,unstable,robust_supported,not_estimable,Unnecessary,resolved_by_simplified_freeze_rule,"Non-mediator boundary state is assigned Unnecessary under the final simplified application rule so that Unclassified is reserved exclusively for unresolved mediator-like pathways. This is an operational classification, not proof that every upstream structural relation is identified.",314,0.181550834917952,34.7944879252463,17.7971887879056,17.79718879,-1.66533453693773e-16,independent_cause,Independent-cause family retained under the simplified display rule.,FALSE,Independent cause,Unnecessary,Retained from the frozen target-specific decision.,Figure4_display_classification_freeze_20260916
T047_BMI_DBP_AAA,DBP,AAA,independent_cause,independent_cause,resolved_six_role,,high,conditional,estimated,not_supported,not_supported,conditional_supported,not_supported,Unnecessary,resolved_by_simplified_freeze_rule,"Independent cause is assigned Unnecessary under the final simplified application rule. The retained-SNP manifest is not present, so this is an operational classification and not a claim that retained-instrument validity was independently verified.",296,0.245528599765305,35.6252882770369,17.6037690576633,17.60376906,3.05311331771918e-16,independent_cause,Retained from the frozen integrated working-role assignment.,FALSE,Independent cause,Unnecessary,Retained from the frozen target-specific decision.,Figure4_display_classification_freeze_20260916
T048_BMI_DBP_TAA,DBP,TAA,independent_cause,independent_cause,resolved_six_role,,high,conditional,estimated,not_supported,not_supported,conditional_supported,not_supported,Unnecessary,resolved_by_simplified_freeze_rule,"Independent cause is assigned Unnecessary under the final simplified application rule. The retained-SNP manifest is not present, so this is an operational classification and not a claim that retained-instrument validity was independently verified.",298,0.395725819229286,34.8284456811265,17.8392654006427,17.8392654,3.33066907387547e-16,independent_cause,Retained from the frozen integrated working-role assignment.,FALSE,Independent cause,Unnecessary,Retained from the frozen target-specific decision.,Figure4_display_classification_freeze_20260916
T049_BMI_DBP_PVD,DBP,PVD,feedback_or_cycle,boundary_unresolved,boundary_unresolved,feedback_or_cycle,unclassified,marginal_unresolved,cyclic_marginal_graph,unstable,unstable,robust_supported,sensitivity_qualified,Unnecessary,resolved_by_simplified_freeze_rule,"Non-mediator boundary state is assigned Unnecessary under the final simplified application rule so that Unclassified is reserved exclusively for unresolved mediator-like pathways. This is an operational classification, not proof that every upstream structural relation is identified.",314,0.187114596648081,34.7944879252463,17.7971887879056,17.79718879,-3.88578058618805e-16,independent_cause,DBP/TG feedback rows follow the dominant independent-cause pattern for that candidate.,FALSE,Independent cause,Unnecessary,Retained from the frozen target-specific decision.,Figure4_display_classification_freeze_20260916
T050_BMI_DBP_PE,DBP,PE,independent_cause,independent_cause,resolved_six_role,,high,conditional,estimated,not_supported,not_supported,conditional_supported,not_supported,Unnecessary,resolved_by_simplified_freeze_rule,"Independent cause is assigned Unnecessary under the final simplified application rule. The retained-SNP manifest is not present, so this is an operational classification and not a claim that retained-instrument validity was independently verified.",314,0.180101271821191,34.7944879252463,17.7971887879056,17.79718879,-5.55111512312578e-17,independent_cause,Retained from the frozen integrated working-role assignment.,FALSE,Independent cause,Unnecessary,Retained from the frozen target-specific decision.,Figure4_display_classification_freeze_20260916
T051_BMI_DBP_SAH,DBP,SAH,independent_cause,independent_cause,resolved_six_role,,high,conditional,estimated,not_supported,not_supported,conditional_supported,not_supported,Unnecessary,resolved_by_simplified_freeze_rule,"Independent cause is assigned Unnecessary under the final simplified application rule. The retained-SNP manifest is not present, so this is an operational classification and not a claim that retained-instrument validity was independently verified.",314,0.22382866777909,34.7944879252463,17.7971887879056,17.79718879,-2.22044604925031e-16,independent_cause,Retained from the frozen integrated working-role assignment.,FALSE,Independent cause,Unnecessary,Retained from the frozen target-specific decision.,Figure4_display_classification_freeze_20260916
T052_BMI_DBP_ICH,DBP,ICH,independent_cause,independent_cause,resolved_six_role,,high,conditional,estimated,not_supported,not_supported,conditional_supported,not_supported,Unnecessary,resolved_by_simplified_freeze_rule,"Independent cause is assigned Unnecessary under the final simplified application rule. The retained-SNP manifest is not present, so this is an operational classification and not a claim that retained-instrument validity was independently verified.",314,0.212570158490164,34.7944879252463,17.7971887879056,17.79718879,-2.77555756156289e-17,independent_cause,Retained from the frozen integrated working-role assignment.,FALSE,Independent cause,Unnecessary,Retained from the frozen target-specific decision.,Figure4_display_classification_freeze_20260916
T053_BMI_DBP_DVT,DBP,DVT,independent_cause,independent_cause,resolved_six_role,,high,conditional,estimated,not_supported,not_supported,conditional_supported,not_supported,Unnecessary,resolved_by_simplified_freeze_rule,"Independent cause is assigned Unnecessary under the final simplified application rule. The retained-SNP manifest is not present, so this is an operational classification and not a claim that retained-instrument validity was independently verified.",314,0.143565889811936,34.7944879252463,17.7971887879056,17.79718879,2.77555756156289e-17,independent_cause,Retained from the frozen integrated working-role assignment.,FALSE,Independent cause,Unnecessary,Retained from the frozen target-specific decision.,Figure4_display_classification_freeze_20260916
T054_BMI_DBP_AVS,DBP,AVS,independent_cause,independent_cause,resolved_six_role,,high,conditional,estimated,not_supported,not_supported,conditional_supported,not_supported,Unnecessary,resolved_by_simplified_freeze_rule,"Independent cause is assigned Unnecessary under the final simplified application rule. The retained-SNP manifest is not present, so this is an operational classification and not a claim that retained-instrument validity was independently verified.",281,0.195326693786612,35.2350817037584,17.3470867053084,17.34708671,1.66533453693773e-16,independent_cause,Retained from the frozen integrated working-role assignment.,FALSE,Independent cause,Unnecessary,Retained from the frozen target-specific decision.,Figure4_display_classification_freeze_20260916
T055_BMI_DBP_AF,DBP,AF,independent_cause,independent_cause,resolved_six_role,,high,conditional,estimated,not_supported,not_supported,conditional_supported,not_supported,Unnecessary,resolved_by_simplified_freeze_rule,"Independent cause is assigned Unnecessary under the final simplified application rule. The retained-SNP manifest is not present, so this is an operational classification and not a claim that retained-instrument validity was independently verified.",314,0.186586068312734,34.7944879252463,17.7971887879056,17.79718879,-1.38777878078145e-16,independent_cause,Retained from the frozen integrated working-role assignment.,FALSE,Independent cause,Unnecessary,Retained from the frozen target-specific decision.,Figure4_display_classification_freeze_20260916
T056_BMI_DBP_HTN,DBP,HTN,insufficient_evidence,boundary_unresolved,boundary_unresolved,insufficiently_informative,unclassified,conditional,estimated,not_supported,not_supported,not_supported,not_supported,Unnecessary,resolved_by_simplified_freeze_rule,"Non-mediator boundary state is assigned Unnecessary under the final simplified application rule so that Unclassified is reserved exclusively for unresolved mediator-like pathways. This is an operational classification, not proof that every upstream structural relation is identified.",314,0.304248442250483,34.7944879252463,17.7971887879056,17.79718879,-1.66533453693773e-16,independent_cause,DBP/TG residual rows follow the dominant independent-cause pattern for that candidate.,FALSE,Independent cause,Unnecessary,Retained from the frozen target-specific decision.,Figure4_display_classification_freeze_20260916
T057_BMI_TC_CAD,TC,CAD,upstream_surrogate_of_exposure,upstream_surrogate_of_exposure,resolved_six_role,,high,conditional,estimated,not_supported,conditional_supported,not_supported,not_supported,Unnecessary,resolved_target_decision,The canonical surrogate relation does not alter the prespecified BMI total-effect target under the frozen Table 2 rule.,312,-0.09408915925046,42.281667694996,61.0579426413091,42.28166769,0,upstream_surrogate_of_exposure,Retained from the frozen integrated working-role assignment.,FALSE,Upstream surrogate of exposure,Unnecessary,Retained from the frozen target-specific decision.,Figure4_display_classification_freeze_20260916
T058_BMI_TC_HF,TC,HF,upstream_surrogate_of_exposure,upstream_surrogate_of_exposure,resolved_six_role,,high,conditional,estimated,not_supported,conditional_supported,not_supported,not_supported,Unnecessary,resolved_target_decision,The canonical surrogate relation does not alter the prespecified BMI total-effect target under the frozen Table 2 rule.,312,-0.0504505223763237,42.281667694996,61.0579426413091,42.28166769,7.63278329429795e-17,upstream_surrogate_of_exposure,Retained from the frozen integrated working-role assignment.,FALSE,Upstream surrogate of exposure,Unnecessary,Retained from the frozen target-specific decision.,Figure4_display_classification_freeze_20260916
T059_BMI_TC_IS,TC,IS,upstream_surrogate_of_exposure,boundary_unresolved,boundary_unresolved,insufficiently_informative,low_exploratory,marginal_unresolved,error,unstable,robust_supported,not_supported,not_estimable,Unnecessary,resolved_by_simplified_freeze_rule,"Non-mediator boundary state is assigned Unnecessary under the final simplified application rule so that Unclassified is reserved exclusively for unresolved mediator-like pathways. This is an operational classification, not proof that every upstream structural relation is identified.",270,-0.032863128597545,43.7247342918803,63.830383347254,43.72473429,2.56739074444567e-16,upstream_surrogate_of_exposure,Upstream-surrogate family retained under the simplified display rule.,FALSE,Upstream surrogate of exposure,Unnecessary,Retained from the frozen target-specific decision.,Figure4_display_classification_freeze_20260916
T060_BMI_TC_TIA,TC,TIA,upstream_surrogate_of_exposure,boundary_unresolved,boundary_unresolved,insufficiently_informative,low_exploratory,marginal_unresolved,error,unstable,robust_supported,unstable,not_estimable,Unnecessary,resolved_by_simplified_freeze_rule,"Non-mediator boundary state is assigned Unnecessary under the final simplified application rule so that Unclassified is reserved exclusively for unresolved mediator-like pathways. This is an operational classification, not proof that every upstream structural relation is identified.",312,-0.0254994976169675,42.281667694996,61.0579426413091,42.28166769,-7.63278329429795e-17,upstream_surrogate_of_exposure,Upstream-surrogate family retained under the simplified display rule.,FALSE,Upstream surrogate of exposure,Unnecessary,Retained from the frozen target-specific decision.,Figure4_display_classification_freeze_20260916
T061_BMI_TC_AAA,TC,AAA,confounder,confounder,resolved_six_role,,high,conditional,estimated,not_supported,conditional_supported,conditional_supported,not_supported,Necessary,resolved_target_decision,Omission may prevent identification of the prespecified BMI total-effect target under the stated MVMR assumptions.,301,-0.13200397092145,42.1848182582174,62.6245285322761,42.18481826,-2.4980018054066e-16,confounder,Retained from the frozen integrated working-role assignment.,FALSE,Confounder,Necessary,Retained from the frozen target-specific decision.,Figure4_display_classification_freeze_20260916
T062_BMI_TC_TAA,TC,TAA,upstream_surrogate_of_exposure,upstream_surrogate_of_exposure,resolved_six_role,,high,conditional,estimated,not_supported,conditional_supported,not_supported,not_supported,Unnecessary,resolved_target_decision,The canonical surrogate relation does not alter the prespecified BMI total-effect target under the frozen Table 2 rule.,294,0.00181937290847012,42.9057501732009,62.2481926728071,42.90575017,-1.90602741922952e-16,upstream_surrogate_of_exposure,Retained from the frozen integrated working-role assignment.,FALSE,Upstream surrogate of exposure,Unnecessary,Retained from the frozen target-specific decision.,Figure4_display_classification_freeze_20260916
T063_BMI_TC_PVD,TC,PVD,upstream_surrogate_of_exposure,upstream_surrogate_of_exposure,resolved_six_role,,high,conditional,estimated,not_supported,conditional_supported,not_supported,not_supported,Unnecessary,resolved_target_decision,The canonical surrogate relation does not alter the prespecified BMI total-effect target under the frozen Table 2 rule.,312,-0.0501524357407231,42.281667694996,61.0579426413091,42.28166769,-1.31838984174237e-16,upstream_surrogate_of_exposure,Retained from the frozen integrated working-role assignment.,FALSE,Upstream surrogate of exposure,Unnecessary,Retained from the frozen target-specific decision.,Figure4_display_classification_freeze_20260916
T064_BMI_TC_PE,TC,PE,ambiguous,boundary_unresolved,boundary_unresolved,ambiguous,unclassified,marginal_unresolved,cyclic_marginal_graph,unstable,robust_supported,not_supported,robust_supported,Unnecessary,resolved_by_simplified_freeze_rule,"Non-mediator boundary state is assigned Unnecessary under the final simplified application rule so that Unclassified is reserved exclusively for unresolved mediator-like pathways. This is an operational classification, not proof that every upstream structural relation is identified.",312,0.00690510212198214,42.281667694996,61.0579426413091,42.28166769,-6.41847686111419e-17,upstream_surrogate_of_exposure,Ambiguous LDL-C/TC rows follow the dominant upstream-surrogate pattern for that candidate.,FALSE,Upstream surrogate of exposure,Unnecessary,Retained from the frozen target-specific decision.,Figure4_display_classification_freeze_20260916
T065_BMI_TC_SAH,TC,SAH,upstream_surrogate_of_exposure,upstream_surrogate_of_exposure,resolved_six_role,,high,conditional,estimated,not_supported,conditional_supported,not_supported,not_supported,Unnecessary,resolved_target_decision,The canonical surrogate relation does not alter the prespecified BMI total-effect target under the frozen Table 2 rule.,312,0.0331675215681358,42.281667694996,61.0579426413091,42.28166769,1.73472347597681e-16,upstream_surrogate_of_exposure,Retained from the frozen integrated working-role assignment.,FALSE,Upstream surrogate of exposure,Unnecessary,Retained from the frozen target-specific decision.,Figure4_display_classification_freeze_20260916
T066_BMI_TC_ICH,TC,ICH,upstream_surrogate_of_exposure,upstream_surrogate_of_exposure,resolved_six_role,,high,conditional,estimated,not_supported,conditional_supported,not_supported,not_supported,Unnecessary,resolved_target_decision,The canonical surrogate relation does not alter the prespecified BMI total-effect target under the frozen Table 2 rule.,312,0.0124995122847226,42.281667694996,61.0579426413091,42.28166769,1.12757025938492e-16,upstream_surrogate_of_exposure,Retained from the frozen integrated working-role assignment.,FALSE,Upstream surrogate of exposure,Unnecessary,Retained from the frozen target-specific decision.,Figure4_display_classification_freeze_20260916
T067_BMI_TC_DVT,TC,DVT,confounder,confounder,resolved_six_role,,high,conditional,estimated,not_supported,conditional_supported,conditional_supported,not_supported,Necessary,resolved_target_decision,Omission may prevent identification of the prespecified BMI total-effect target under the stated MVMR assumptions.,312,0.0174183588474576,42.281667694996,61.0579426413091,42.28166769,5.89805981832114e-17,confounder,Retained from the frozen integrated working-role assignment.,FALSE,Confounder,Necessary,Retained from the frozen target-specific decision.,Figure4_display_classification_freeze_20260916
T068_BMI_TC_AVS,TC,AVS,confounder,confounder,resolved_six_role,,high,conditional,estimated,not_supported,conditional_supported,conditional_supported,not_supported,Necessary,resolved_target_decision,Omission may prevent identification of the prespecified BMI total-effect target under the stated MVMR assumptions.,281,-0.170136332091568,43.5168599553659,61.3751461427322,43.51685996,4.71844785465692e-16,confounder,Retained from the frozen integrated working-role assignment.,FALSE,Confounder,Necessary,Retained from the frozen target-specific decision.,Figure4_display_classification_freeze_20260916
T069_BMI_TC_AF,TC,AF,upstream_surrogate_of_exposure,upstream_surrogate_of_exposure,resolved_six_role,,high,conditional,estimated,not_supported,conditional_supported,not_supported,not_supported,Unnecessary,resolved_target_decision,The canonical surrogate relation does not alter the prespecified BMI total-effect target under the frozen Table 2 rule.,312,-0.0312318867524722,42.281667694996,61.0579426413091,42.28166769,-1.00613961606655e-16,upstream_surrogate_of_exposure,Retained from the frozen integrated working-role assignment.,FALSE,Upstream surrogate of exposure,Unnecessary,Retained from the frozen target-specific decision.,Figure4_display_classification_freeze_20260916
T070_BMI_TC_HTN,TC,HTN,ambiguous,boundary_unresolved,boundary_unresolved,ambiguous,unclassified,marginal_unresolved,cyclic_marginal_graph,unstable,robust_supported,unstable,robust_supported,Unnecessary,resolved_by_simplified_freeze_rule,"Non-mediator boundary state is assigned Unnecessary under the final simplified application rule so that Unclassified is reserved exclusively for unresolved mediator-like pathways. This is an operational classification, not proof that every upstream structural relation is identified.",312,-0.0134000869040959,42.281667694996,61.0579426413091,42.28166769,-3.38271077815477e-16,upstream_surrogate_of_exposure,Ambiguous LDL-C/TC rows follow the dominant upstream-surrogate pattern for that candidate.,FALSE,Upstream surrogate of exposure,Unnecessary,Retained from the frozen target-specific decision.,Figure4_display_classification_freeze_20260916
T071_BMI_HDL_C_CAD,HDL-C,CAD,collider,collider,resolved_six_role,,moderate,conditional,estimated,conditional_supported,not_supported,not_supported,conditional_supported,Unclassified,resolved_target_decision,Conditioning on a collider opens a noncausal pathway for the BMI total-effect target.,353,0.0966804425499492,35.4915517154168,78.713629441119,35.49155172,-2.35922392732846e-16,collider,Retained from the frozen integrated working-role assignment.,FALSE,Collider,Unclassified,Collider role alone does not resolve the inclusion consequence.,Figure4_display_classification_freeze_20260916
T072_BMI_HDL_C_HF,HDL-C,HF,downstream_surrogate_of_exposure,downstream_surrogate_of_exposure,resolved_six_role,,high,conditional,estimated,conditional_supported,not_supported,not_supported,not_supported,Unnecessary,resolved_target_decision,The canonical surrogate relation does not alter the prespecified BMI total-effect target under the frozen Table 2 rule.,353,0.050081487498306,35.4915517154168,78.713629441119,35.49155172,-1.04083408558608e-16,downstream_surrogate_of_exposure,Retained from the frozen integrated working-role assignment.,FALSE,Downstream surrogate of exposure,Unnecessary,Retained from the frozen target-specific decision.,Figure4_display_classification_freeze_20260916
T073_BMI_HDL_C_IS,HDL-C,IS,downstream_surrogate_of_exposure,boundary_unresolved,boundary_unresolved,insufficiently_informative,low_exploratory,marginal_unresolved,error,robust_supported,unstable,unstable,not_estimable,Unnecessary,resolved_by_simplified_freeze_rule,"Non-mediator boundary state is assigned Unnecessary under the final simplified application rule so that Unclassified is reserved exclusively for unresolved mediator-like pathways. This is an operational classification, not proof that every upstream structural relation is identified.",314,0.054319736405805,35.6597209059384,86.5253241565789,35.65972091,-3.40005801291454e-16,downstream_surrogate_of_exposure,Downstream-surrogate-of-exposure family retained under the simplified display rule.,FALSE,Downstream surrogate of exposure,Unnecessary,Retained from the frozen target-specific decision.,Figure4_display_classification_freeze_20260916
T074_BMI_HDL_C_TIA,HDL-C,TIA,downstream_surrogate_of_exposure,boundary_unresolved,boundary_unresolved,insufficiently_informative,low_exploratory,marginal_unresolved,error,robust_supported,unstable,unstable,not_estimable,Unnecessary,resolved_by_simplified_freeze_rule,"Non-mediator boundary state is assigned Unnecessary under the final simplified application rule so that Unclassified is reserved exclusively for unresolved mediator-like pathways. This is an operational classification, not proof that every upstream structural relation is identified.",353,0.0310317944621228,35.4915517154168,78.713629441119,35.49155172,-4.16333634234434e-17,downstream_surrogate_of_exposure,Downstream-surrogate-of-exposure family retained under the simplified display rule.,FALSE,Downstream surrogate of exposure,Unnecessary,Retained from the frozen target-specific decision.,Figure4_display_classification_freeze_20260916
T075_BMI_HDL_C_AAA,HDL-C,AAA,mediator_out_of_library,boundary_unresolved,boundary_unresolved,mediator_like_pathway,unclassified,conditional,estimated,conditional_supported,not_supported,conditional_supported,not_supported,Overadjustment,resolved_target_consequence_boundary_role,Conditional evidence supports BMI -> candidate -> outcome; inclusion changes the BMI total-effect target toward a direct-effect contrast. The structural label remains outside the six-role prevalence.,344,0.244475010429853,35.3635933834987,80.5145268193172,35.36359338,-8.32667268468867e-17,downstream_surrogate_of_exposure,Mediator-like row displayed in the exposure-downstream colour family and marked M.,TRUE,Downstream surrogate of exposure,Overadjustment,Retained from the frozen target-specific decision.,Figure4_display_classification_freeze_20260916
T076_BMI_HDL_C_TAA,HDL-C,TAA,downstream_surrogate_of_exposure,downstream_surrogate_of_exposure,resolved_six_role,,high,conditional,estimated,conditional_supported,not_supported,not_supported,not_supported,Unnecessary,resolved_target_decision,The canonical surrogate relation does not alter the prespecified BMI total-effect target under the frozen Table 2 rule.,339,-0.0328625399531334,35.6063827885436,79.0241210223666,35.60638279,-1.11022302462516e-16,downstream_surrogate_of_exposure,Retained from the frozen integrated working-role assignment.,FALSE,Downstream surrogate of exposure,Unnecessary,Retained from the frozen target-specific decision.,Figure4_display_classification_freeze_20260916
T077_BMI_HDL_C_PVD,HDL-C,PVD,downstream_surrogate_of_exposure,downstream_surrogate_of_exposure,resolved_six_role,,high,conditional,estimated,conditional_supported,not_supported,not_supported,not_supported,Unnecessary,resolved_target_decision,The canonical surrogate relation does not alter the prespecified BMI total-effect target under the frozen Table 2 rule.,353,0.0937182476229949,35.4915517154168,78.713629441119,35.49155172,-1.80411241501588e-16,downstream_surrogate_of_exposure,Retained from the frozen integrated working-role assignment.,FALSE,Downstream surrogate of exposure,Unnecessary,Retained from the frozen target-specific decision.,Figure4_display_classification_freeze_20260916
T078_BMI_HDL_C_PE,HDL-C,PE,downstream_surrogate_of_exposure,downstream_surrogate_of_exposure,resolved_six_role,,high,conditional,estimated,conditional_supported,not_supported,not_supported,not_supported,Unnecessary,resolved_target_decision,The canonical surrogate relation does not alter the prespecified BMI total-effect target under the frozen Table 2 rule.,353,0.000845592430905096,35.4915517154168,78.713629441119,35.49155172,2.99890320909491e-16,downstream_surrogate_of_exposure,Retained from the frozen integrated working-role assignment.,FALSE,Downstream surrogate of exposure,Unnecessary,Retained from the frozen target-specific decision.,Figure4_display_classification_freeze_20260916
T079_BMI_HDL_C_SAH,HDL-C,SAH,downstream_surrogate_of_exposure,downstream_surrogate_of_exposure,resolved_six_role,,high,conditional,estimated,conditional_supported,not_supported,not_supported,not_supported,Unnecessary,resolved_target_decision,The canonical surrogate relation does not alter the prespecified BMI total-effect target under the frozen Table 2 rule.,353,0.07495059676166,35.4915517154168,78.713629441119,35.49155172,-3.05311331771918e-16,downstream_surrogate_of_exposure,Retained from the frozen integrated working-role assignment.,FALSE,Downstream surrogate of exposure,Unnecessary,Retained from the frozen target-specific decision.,Figure4_display_classification_freeze_20260916
T080_BMI_HDL_C_ICH,HDL-C,ICH,mediator_out_of_library,boundary_unresolved,boundary_unresolved,mediator_like_pathway,unclassified,conditional,estimated,conditional_supported,not_supported,conditional_supported,not_supported,Overadjustment,resolved_target_consequence_boundary_role,Conditional evidence supports BMI -> candidate -> outcome; inclusion changes the BMI total-effect target toward a direct-effect contrast. The structural label remains outside the six-role prevalence.,353,0.177285497374909,35.4915517154168,78.713629441119,35.49155172,5.55111512312578e-17,downstream_surrogate_of_exposure,Mediator-like row displayed in the exposure-downstream colour family and marked M.,TRUE,Downstream surrogate of exposure,Overadjustment,Retained from the frozen target-specific decision.,Figure4_display_classification_freeze_20260916
T081_BMI_HDL_C_DVT,HDL-C,DVT,downstream_surrogate_of_exposure,downstream_surrogate_of_exposure,resolved_six_role,,high,conditional,estimated,conditional_supported,not_supported,not_supported,not_supported,Unnecessary,resolved_target_decision,The canonical surrogate relation does not alter the prespecified BMI total-effect target under the frozen Table 2 rule.,353,0.0116970889058204,35.4915517154168,78.713629441119,35.49155172,-1.14491749414469e-16,downstream_surrogate_of_exposure,Retained from the frozen integrated working-role assignment.,FALSE,Downstream surrogate of exposure,Unnecessary,Retained from the frozen target-specific decision.,Figure4_display_classification_freeze_20260916
T082_BMI_HDL_C_AVS,HDL-C,AVS,downstream_surrogate_of_exposure,downstream_surrogate_of_exposure,resolved_six_role,,high,conditional,estimated,conditional_supported,not_supported,not_supported,not_supported,Unnecessary,resolved_target_decision,The canonical surrogate relation does not alter the prespecified BMI total-effect target under the frozen Table 2 rule.,302,0.0373933055710585,38.173835935778,76.5611669539504,38.17383594,0,downstream_surrogate_of_exposure,Retained from the frozen integrated working-role assignment.,FALSE,Downstream surrogate of exposure,Unnecessary,Retained from the frozen target-specific decision.,Figure4_display_classification_freeze_20260916
T083_BMI_HDL_C_AF,HDL-C,AF,collider,collider,resolved_six_role,,high,conditional,estimated,conditional_supported,not_supported,not_supported,conditional_supported,Unclassified,resolved_target_decision,Conditioning on a collider opens a noncausal pathway for the BMI total-effect target.,353,0.0333430518584483,35.4915517154168,78.713629441119,35.49155172,-3.46944695195361e-17,collider,Retained from the frozen integrated working-role assignment.,FALSE,Collider,Unclassified,Collider role alone does not resolve the inclusion consequence.,Figure4_display_classification_freeze_20260916
T084_BMI_HDL_C_HTN,HDL-C,HTN,downstream_surrogate_of_exposure,downstream_surrogate_of_exposure,resolved_six_role,,high,conditional,estimated,conditional_supported,not_supported,not_supported,not_supported,Unnecessary,resolved_target_decision,The canonical surrogate relation does not alter the prespecified BMI total-effect target under the frozen Table 2 rule.,353,0.058928971490648,35.4915517154168,78.713629441119,35.49155172,6.24500451351651e-17,downstream_surrogate_of_exposure,Retained from the frozen integrated working-role assignment.,FALSE,Downstream surrogate of exposure,Unnecessary,Retained from the frozen target-specific decision.,Figure4_display_classification_freeze_20260916
T085_BMI_LDL_C_CAD,LDL-C,CAD,upstream_surrogate_of_exposure,upstream_surrogate_of_exposure,resolved_six_role,,high,conditional,estimated,not_supported,conditional_supported,not_supported,not_supported,Unnecessary,resolved_target_decision,The canonical surrogate relation does not alter the prespecified BMI total-effect target under the frozen Table 2 rule.,311,-0.0594043246321225,43.9324936920748,58.127013670436,43.93249369,3.46944695195361e-17,upstream_surrogate_of_exposure,Retained from the frozen integrated working-role assignment.,FALSE,Upstream surrogate of exposure,Unnecessary,Retained from the frozen target-specific decision.,Figure4_display_classification_freeze_20260916
T086_BMI_LDL_C_HF,LDL-C,HF,confounder,confounder,resolved_six_role,,moderate,conditional,estimated,not_supported,conditional_supported,conditional_supported,not_supported,Necessary,resolved_target_decision,Omission may prevent identification of the prespecified BMI total-effect target under the stated MVMR assumptions.,311,-0.0237785904261784,43.9324936920748,58.127013670436,43.93249369,-1.94289029309402e-16,confounder,Retained from the frozen integrated working-role assignment.,FALSE,Confounder,Necessary,Retained from the frozen target-specific decision.,Figure4_display_classification_freeze_20260916
T087_BMI_LDL_C_IS,LDL-C,IS,upstream_surrogate_of_exposure,boundary_unresolved,boundary_unresolved,insufficiently_informative,low_exploratory,marginal_unresolved,error,unstable,robust_supported,not_supported,not_estimable,Unnecessary,resolved_by_simplified_freeze_rule,"Non-mediator boundary state is assigned Unnecessary under the final simplified application rule so that Unclassified is reserved exclusively for unresolved mediator-like pathways. This is an operational classification, not proof that every upstream structural relation is identified.",270,-0.0241457329879348,45.0517202025576,61.6489866768968,45.0517202,-2.35922392732846e-16,upstream_surrogate_of_exposure,Upstream-surrogate family retained under the simplified display rule.,FALSE,Upstream surrogate of exposure,Unnecessary,Retained from the frozen target-specific decision.,Figure4_display_classification_freeze_20260916
T088_BMI_LDL_C_TIA,LDL-C,TIA,upstream_surrogate_of_exposure,boundary_unresolved,boundary_unresolved,insufficiently_informative,low_exploratory,marginal_unresolved,error,unstable,robust_supported,unstable,not_estimable,Unnecessary,resolved_by_simplified_freeze_rule,"Non-mediator boundary state is assigned Unnecessary under the final simplified application rule so that Unclassified is reserved exclusively for unresolved mediator-like pathways. This is an operational classification, not proof that every upstream structural relation is identified.",311,-0.0137663805522283,43.9324936920748,58.127013670436,43.93249369,1.85615411929518e-16,upstream_surrogate_of_exposure,Upstream-surrogate family retained under the simplified display rule.,FALSE,Upstream surrogate of exposure,Unnecessary,Retained from the frozen target-specific decision.,Figure4_display_classification_freeze_20260916
T089_BMI_LDL_C_AAA,LDL-C,AAA,upstream_surrogate_of_exposure,upstream_surrogate_of_exposure,resolved_six_role,,high,conditional,estimated,not_supported,conditional_supported,not_supported,not_supported,Unnecessary,resolved_target_decision,The canonical surrogate relation does not alter the prespecified BMI total-effect target under the frozen Table 2 rule.,299,-0.100688156367097,44.032694967717,59.6563962495362,44.03269497,-1.38777878078145e-17,upstream_surrogate_of_exposure,Retained from the frozen integrated working-role assignment.,FALSE,Upstream surrogate of exposure,Unnecessary,Retained from the frozen target-specific decision.,Figure4_display_classification_freeze_20260916
T090_BMI_LDL_C_TAA,LDL-C,TAA,upstream_surrogate_of_exposure,upstream_surrogate_of_exposure,resolved_six_role,,high,conditional,estimated,not_supported,conditional_supported,not_supported,not_supported,Unnecessary,resolved_target_decision,The canonical surrogate relation does not alter the prespecified BMI total-effect target under the frozen Table 2 rule.,293,-0.0169763581317037,44.7082124072047,58.7333875890213,44.70821241,-1.49186218934005e-16,upstream_surrogate_of_exposure,Retained from the frozen integrated working-role assignment.,FALSE,Upstream surrogate of exposure,Unnecessary,Retained from the frozen target-specific decision.,Figure4_display_classification_freeze_20260916
T091_BMI_LDL_C_PVD,LDL-C,PVD,upstream_surrogate_of_exposure,upstream_surrogate_of_exposure,resolved_six_role,,high,conditional,estimated,not_supported,conditional_supported,not_supported,not_supported,Unnecessary,resolved_target_decision,The canonical surrogate relation does not alter the prespecified BMI total-effect target under the frozen Table 2 rule.,311,-0.0487237788287725,43.9324936920748,58.127013670436,43.93249369,2.77555756156289e-17,upstream_surrogate_of_exposure,Retained from the frozen integrated working-role assignment.,FALSE,Upstream surrogate of exposure,Unnecessary,Retained from the frozen target-specific decision.,Figure4_display_classification_freeze_20260916
T092_BMI_LDL_C_PE,LDL-C,PE,ambiguous,boundary_unresolved,boundary_unresolved,ambiguous,unclassified,marginal_unresolved,cyclic_marginal_graph,unstable,robust_supported,not_supported,sensitivity_qualified,Unnecessary,resolved_by_simplified_freeze_rule,"Non-mediator boundary state is assigned Unnecessary under the final simplified application rule so that Unclassified is reserved exclusively for unresolved mediator-like pathways. This is an operational classification, not proof that every upstream structural relation is identified.",311,0.00264678036228949,43.9324936920748,58.127013670436,43.93249369,6.11490025281825e-17,upstream_surrogate_of_exposure,Ambiguous LDL-C/TC rows follow the dominant upstream-surrogate pattern for that candidate.,FALSE,Upstream surrogate of exposure,Unnecessary,Retained from the frozen target-specific decision.,Figure4_display_classification_freeze_20260916
T093_BMI_LDL_C_SAH,LDL-C,SAH,upstream_surrogate_of_exposure,upstream_surrogate_of_exposure,resolved_six_role,,high,conditional,estimated,not_supported,conditional_supported,not_supported,not_supported,Unnecessary,resolved_target_decision,The canonical surrogate relation does not alter the prespecified BMI total-effect target under the frozen Table 2 rule.,311,0.0144196005718511,43.9324936920748,58.127013670436,43.93249369,-6.24500451351651e-17,upstream_surrogate_of_exposure,Retained from the frozen integrated working-role assignment.,FALSE,Upstream surrogate of exposure,Unnecessary,Retained from the frozen target-specific decision.,Figure4_display_classification_freeze_20260916
T094_BMI_LDL_C_ICH,LDL-C,ICH,upstream_surrogate_of_exposure,upstream_surrogate_of_exposure,resolved_six_role,,high,conditional,estimated,not_supported,conditional_supported,not_supported,not_supported,Unnecessary,resolved_target_decision,The canonical surrogate relation does not alter the prespecified BMI total-effect target under the frozen Table 2 rule.,311,0.000771880227735111,43.9324936920748,58.127013670436,43.93249369,-9.44340092234874e-17,upstream_surrogate_of_exposure,Retained from the frozen integrated working-role assignment.,FALSE,Upstream surrogate of exposure,Unnecessary,Retained from the frozen target-specific decision.,Figure4_display_classification_freeze_20260916
T095_BMI_LDL_C_DVT,LDL-C,DVT,upstream_surrogate_of_exposure,upstream_surrogate_of_exposure,resolved_six_role,,high,conditional,estimated,not_supported,conditional_supported,not_supported,not_supported,Unnecessary,resolved_target_decision,The canonical surrogate relation does not alter the prespecified BMI total-effect target under the frozen Table 2 rule.,311,0.00905676056673366,43.9324936920748,58.127013670436,43.93249369,-1.07552855510562e-16,upstream_surrogate_of_exposure,Retained from the frozen integrated working-role assignment.,FALSE,Upstream surrogate of exposure,Unnecessary,Retained from the frozen target-specific decision.,Figure4_display_classification_freeze_20260916
T096_BMI_LDL_C_AVS,LDL-C,AVS,confounder,confounder,resolved_six_role,,high,conditional,estimated,not_supported,conditional_supported,conditional_supported,not_supported,Necessary,resolved_target_decision,Omission may prevent identification of the prespecified BMI total-effect target under the stated MVMR assumptions.,280,-0.104951928279388,44.8071534711197,60.4881570493752,44.80715347,-5.55111512312578e-17,confounder,Retained from the frozen integrated working-role assignment.,FALSE,Confounder,Necessary,Retained from the frozen target-specific decision.,Figure4_display_classification_freeze_20260916
T097_BMI_LDL_C_AF,LDL-C,AF,ambiguous,boundary_unresolved,boundary_unresolved,ambiguous,unclassified,marginal_unresolved,cyclic_marginal_graph,unstable,robust_supported,unstable,sensitivity_qualified,Unnecessary,resolved_by_simplified_freeze_rule,"Non-mediator boundary state is assigned Unnecessary under the final simplified application rule so that Unclassified is reserved exclusively for unresolved mediator-like pathways. This is an operational classification, not proof that every upstream structural relation is identified.",311,-0.0149242061410795,43.9324936920748,58.127013670436,43.93249369,2.15105711021124e-16,upstream_surrogate_of_exposure,Ambiguous LDL-C/TC rows follow the dominant upstream-surrogate pattern for that candidate.,FALSE,Upstream surrogate of exposure,Unnecessary,Retained from the frozen target-specific decision.,Figure4_display_classification_freeze_20260916
T098_BMI_LDL_C_HTN,LDL-C,HTN,ambiguous,boundary_unresolved,boundary_unresolved,ambiguous,unclassified,marginal_unresolved,cyclic_marginal_graph,unstable,robust_supported,unstable,robust_supported,Unnecessary,resolved_by_simplified_freeze_rule,"Non-mediator boundary state is assigned Unnecessary under the final simplified application rule so that Unclassified is reserved exclusively for unresolved mediator-like pathways. This is an operational classification, not proof that every upstream structural relation is identified.",311,-0.00772350002324151,43.9324936920748,58.127013670436,43.93249369,-3.46944695195361e-17,upstream_surrogate_of_exposure,Ambiguous LDL-C/TC rows follow the dominant upstream-surrogate pattern for that candidate.,FALSE,Upstream surrogate of exposure,Unnecessary,Retained from the frozen target-specific decision.,Figure4_display_classification_freeze_20260916
T099_BMI_TG_CAD,TG,CAD,insufficient_evidence,boundary_unresolved,boundary_unresolved,insufficiently_informative,unclassified,conditional,estimated,not_supported,not_supported,not_supported,not_supported,Unnecessary,resolved_by_simplified_freeze_rule,"Non-mediator boundary state is assigned Unnecessary under the final simplified application rule so that Unclassified is reserved exclusively for unresolved mediator-like pathways. This is an operational classification, not proof that every upstream structural relation is identified.",339,0.0772527956882462,40.1371066974123,75.2381990523336,40.1371067,2.77555756156289e-17,independent_cause,DBP/TG residual rows follow the dominant independent-cause pattern for that candidate.,FALSE,Independent cause,Unnecessary,Retained from the frozen target-specific decision.,Figure4_display_classification_freeze_20260916
T100_BMI_TG_HF,TG,HF,insufficient_evidence,boundary_unresolved,boundary_unresolved,insufficiently_informative,unclassified,conditional,estimated,not_supported,not_supported,not_supported,not_supported,Unnecessary,resolved_by_simplified_freeze_rule,"Non-mediator boundary state is assigned Unnecessary under the final simplified application rule so that Unclassified is reserved exclusively for unresolved mediator-like pathways. This is an operational classification, not proof that every upstream structural relation is identified.",339,0.0565856917965144,40.1371066974123,75.2381990523336,40.1371067,-9.0205620750794e-17,independent_cause,DBP/TG residual rows follow the dominant independent-cause pattern for that candidate.,FALSE,Independent cause,Unnecessary,Retained from the frozen target-specific decision.,Figure4_display_classification_freeze_20260916
T101_BMI_TG_IS,TG,IS,insufficient_evidence,boundary_unresolved,boundary_unresolved,insufficiently_informative,unclassified,marginal_unresolved,error,unstable,unstable,unstable,not_estimable,Unnecessary,resolved_by_simplified_freeze_rule,"Non-mediator boundary state is assigned Unnecessary under the final simplified application rule so that Unclassified is reserved exclusively for unresolved mediator-like pathways. This is an operational classification, not proof that every upstream structural relation is identified.",294,0.0204936648499603,41.9508648762181,81.209539647944,41.95086488,-3.46944695195361e-18,independent_cause,DBP/TG residual rows follow the dominant independent-cause pattern for that candidate.,FALSE,Independent cause,Unnecessary,Retained from the frozen target-specific decision.,Figure4_display_classification_freeze_20260916
T102_BMI_TG_TIA,TG,TIA,independent_cause,boundary_unresolved,boundary_unresolved,insufficiently_informative,low_exploratory,marginal_unresolved,error,unstable,unstable,robust_supported,not_estimable,Unnecessary,resolved_by_simplified_freeze_rule,"Non-mediator boundary state is assigned Unnecessary under the final simplified application rule so that Unclassified is reserved exclusively for unresolved mediator-like pathways. This is an operational classification, not proof that every upstream structural relation is identified.",339,0.0331087968203404,40.1371066974123,75.2381990523336,40.1371067,-4.85722573273506e-17,independent_cause,Independent-cause family retained under the simplified display rule.,FALSE,Independent cause,Unnecessary,Retained from the frozen target-specific decision.,Figure4_display_classification_freeze_20260916
T103_BMI_TG_AAA,TG,AAA,independent_cause,independent_cause,resolved_six_role,,high,conditional,estimated,not_supported,not_supported,conditional_supported,not_supported,Unnecessary,resolved_by_simplified_freeze_rule,"Independent cause is assigned Unnecessary under the final simplified application rule. The retained-SNP manifest is not present, so this is an operational classification and not a claim that retained-instrument validity was independently verified.",323,0.119227964651845,40.583052438835,71.8881902087771,40.58305244,2.77555756156289e-17,independent_cause,Retained from the frozen integrated working-role assignment.,FALSE,Independent cause,Unnecessary,Retained from the frozen target-specific decision.,Figure4_display_classification_freeze_20260916
T104_BMI_TG_TAA,TG,TAA,insufficient_evidence,boundary_unresolved,boundary_unresolved,insufficiently_informative,unclassified,conditional,estimated,not_supported,not_supported,not_supported,not_supported,Unnecessary,resolved_by_simplified_freeze_rule,"Non-mediator boundary state is assigned Unnecessary under the final simplified application rule so that Unclassified is reserved exclusively for unresolved mediator-like pathways. This is an operational classification, not proof that every upstream structural relation is identified.",327,0.0157201729383126,40.5125826464009,75.0994919535327,40.51258265,1.2490009027033e-16,independent_cause,DBP/TG residual rows follow the dominant independent-cause pattern for that candidate.,FALSE,Independent cause,Unnecessary,Retained from the frozen target-specific decision.,Figure4_display_classification_freeze_20260916
T105_BMI_TG_PVD,TG,PVD,feedback_or_cycle,boundary_unresolved,boundary_unresolved,feedback_or_cycle,unclassified,marginal_unresolved,cyclic_marginal_graph,unstable,unstable,robust_supported,robust_supported,Unnecessary,resolved_by_simplified_freeze_rule,"Non-mediator boundary state is assigned Unnecessary under the final simplified application rule so that Unclassified is reserved exclusively for unresolved mediator-like pathways. This is an operational classification, not proof that every upstream structural relation is identified.",339,0.0692657502103693,40.1371066974123,75.2381990523336,40.1371067,-1.38777878078145e-17,independent_cause,DBP/TG feedback rows follow the dominant independent-cause pattern for that candidate.,FALSE,Independent cause,Unnecessary,Retained from the frozen target-specific decision.,Figure4_display_classification_freeze_20260916
T106_BMI_TG_PE,TG,PE,insufficient_evidence,boundary_unresolved,boundary_unresolved,insufficiently_informative,unclassified,conditional,estimated,not_supported,not_supported,not_supported,not_supported,Unnecessary,resolved_by_simplified_freeze_rule,"Non-mediator boundary state is assigned Unnecessary under the final simplified application rule so that Unclassified is reserved exclusively for unresolved mediator-like pathways. This is an operational classification, not proof that every upstream structural relation is identified.",339,0.0129266316929246,40.1371066974123,75.2381990523336,40.1371067,-1.43982048506075e-16,independent_cause,DBP/TG residual rows follow the dominant independent-cause pattern for that candidate.,FALSE,Independent cause,Unnecessary,Retained from the frozen target-specific decision.,Figure4_display_classification_freeze_20260916
T107_BMI_TG_SAH,TG,SAH,insufficient_evidence,boundary_unresolved,boundary_unresolved,insufficiently_informative,unclassified,conditional,estimated,not_supported,not_supported,not_supported,not_supported,Unnecessary,resolved_by_simplified_freeze_rule,"Non-mediator boundary state is assigned Unnecessary under the final simplified application rule so that Unclassified is reserved exclusively for unresolved mediator-like pathways. This is an operational classification, not proof that every upstream structural relation is identified.",339,0.0797756418886786,40.1371066974123,75.2381990523336,40.1371067,2.77555756156289e-17,independent_cause,DBP/TG residual rows follow the dominant independent-cause pattern for that candidate.,FALSE,Independent cause,Unnecessary,Retained from the frozen target-specific decision.,Figure4_display_classification_freeze_20260916
T108_BMI_TG_ICH,TG,ICH,insufficient_evidence,boundary_unresolved,boundary_unresolved,insufficiently_informative,unclassified,conditional,estimated,not_supported,not_supported,not_supported,not_supported,Unnecessary,resolved_by_simplified_freeze_rule,"Non-mediator boundary state is assigned Unnecessary under the final simplified application rule so that Unclassified is reserved exclusively for unresolved mediator-like pathways. This is an operational classification, not proof that every upstream structural relation is identified.",339,0.0473740082562276,40.1371066974123,75.2381990523336,40.1371067,-4.85722573273506e-17,independent_cause,DBP/TG residual rows follow the dominant independent-cause pattern for that candidate.,FALSE,Independent cause,Unnecessary,Retained from the frozen target-specific decision.,Figure4_display_classification_freeze_20260916
T109_BMI_TG_DVT,TG,DVT,insufficient_evidence,boundary_unresolved,boundary_unresolved,insufficiently_informative,unclassified,conditional,estimated,not_supported,not_supported,not_supported,not_supported,Unnecessary,resolved_by_simplified_freeze_rule,"Non-mediator boundary state is assigned Unnecessary under the final simplified application rule so that Unclassified is reserved exclusively for unresolved mediator-like pathways. This is an operational classification, not proof that every upstream structural relation is identified.",339,-0.00406412675707768,40.1371066974123,75.2381990523336,40.1371067,-9.4542429440736e-17,independent_cause,DBP/TG residual rows follow the dominant independent-cause pattern for that candidate.,FALSE,Independent cause,Unnecessary,Retained from the frozen target-specific decision.,Figure4_display_classification_freeze_20260916
T110_BMI_TG_AVS,TG,AVS,independent_cause,independent_cause,resolved_six_role,,high,conditional,estimated,not_supported,not_supported,conditional_supported,not_supported,Unnecessary,resolved_by_simplified_freeze_rule,"Independent cause is assigned Unnecessary under the final simplified application rule. The retained-SNP manifest is not present, so this is an operational classification and not a claim that retained-instrument validity was independently verified.",294,0.0597308171284796,41.336966318728,73.0915894435688,41.33696632,-2.42861286636753e-16,independent_cause,Retained from the frozen integrated working-role assignment.,FALSE,Independent cause,Unnecessary,Retained from the frozen target-specific decision.,Figure4_display_classification_freeze_20260916
T111_BMI_TG_AF,TG,AF,insufficient_evidence,boundary_unresolved,boundary_unresolved,insufficiently_informative,unclassified,conditional,estimated,not_supported,not_supported,not_supported,not_supported,Unnecessary,resolved_by_simplified_freeze_rule,"Non-mediator boundary state is assigned Unnecessary under the final simplified application rule so that Unclassified is reserved exclusively for unresolved mediator-like pathways. This is an operational classification, not proof that every upstream structural relation is identified.",339,0.00887687903520007,40.1371066974123,75.2381990523336,40.1371067,2.42861286636753e-17,independent_cause,DBP/TG residual rows follow the dominant independent-cause pattern for that candidate.,FALSE,Independent cause,Unnecessary,Retained from the frozen target-specific decision.,Figure4_display_classification_freeze_20260916
T112_BMI_TG_HTN,TG,HTN,insufficient_evidence,boundary_unresolved,boundary_unresolved,insufficiently_informative,unclassified,conditional,estimated,not_supported,not_supported,not_supported,not_supported,Unnecessary,resolved_by_simplified_freeze_rule,"Non-mediator boundary state is assigned Unnecessary under the final simplified application rule so that Unclassified is reserved exclusively for unresolved mediator-like pathways. This is an operational classification, not proof that every upstream structural relation is identified.",339,0.0476970285547992,40.1371066974123,75.2381990523336,40.1371067,-6.93889390390723e-18,independent_cause,DBP/TG residual rows follow the dominant independent-cause pattern for that candidate.,FALSE,Independent cause,Unnecessary,Retained from the frozen target-specific decision.,Figure4_display_classification_freeze_20260916
T113_BMI_Glucose_CAD,Glucose,CAD,mediator_out_of_library,boundary_unresolved,boundary_unresolved,mediator_like_pathway,unclassified,conditional,estimated,conditional_supported,not_supported,conditional_supported,not_supported,Overadjustment,resolved_target_consequence_boundary_role,Conditional evidence supports BMI -> candidate -> outcome; inclusion changes the BMI total-effect target toward a direct-effect contrast. The structural label remains outside the six-role prevalence.,304,0.0283363906044438,50.3018808454043,29.6458077690827,29.64580777,-1.00613961606655e-16,downstream_surrogate_of_exposure,Mediator-like row displayed in the exposure-downstream colour family and marked M.,TRUE,Downstream surrogate of exposure,Overadjustment,Retained from the frozen target-specific decision.,Figure4_display_classification_freeze_20260916
T114_BMI_Glucose_HF,Glucose,HF,collider,collider,resolved_six_role,,moderate,conditional,estimated,conditional_supported,not_supported,not_supported,conditional_supported,Unclassified,resolved_target_decision,Conditioning on a collider opens a noncausal pathway for the BMI total-effect target.,304,0.0242411441494768,50.3018808454043,29.6458077690827,29.64580777,1.94289029309402e-16,collider,Retained from the frozen integrated working-role assignment.,FALSE,Collider,Unclassified,Collider role alone does not resolve the inclusion consequence.,Figure4_display_classification_freeze_20260916
T115_BMI_Glucose_IS,Glucose,IS,mediator_out_of_library,boundary_unresolved,boundary_unresolved,mediator_like_pathway,unclassified,marginal_unresolved,error,robust_supported,not_supported,robust_supported,not_estimable,Unclassified,unclassified_structure,"Mediator-like pattern is recorded, but conditional graph evidence is unresolved or unstable; Unclassified is retained because this is the only boundary state allowed to remain unresolved under the final simplified rule.",262,0.0439318478735651,51.1791733427271,20.0853634276052,20.08536343,1.38777878078145e-17,downstream_surrogate_of_exposure,Mediator-like row displayed in the exposure-downstream colour family and marked M.,TRUE,Downstream surrogate of exposure,Overadjustment,Mediator-like pathway is displayed as Overadjustment for the BMI total-effect target.,Figure4_display_classification_freeze_20260916
T116_BMI_Glucose_TIA,Glucose,TIA,downstream_surrogate_of_exposure,boundary_unresolved,boundary_unresolved,insufficiently_informative,low_exploratory,marginal_unresolved,error,robust_supported,not_supported,unstable,not_estimable,Unnecessary,resolved_by_simplified_freeze_rule,"Non-mediator boundary state is assigned Unnecessary under the final simplified application rule so that Unclassified is reserved exclusively for unresolved mediator-like pathways. This is an operational classification, not proof that every upstream structural relation is identified.",304,-0.00104289548574354,50.3018808454043,29.6458077690827,29.64580777,-4.03323208164608e-17,downstream_surrogate_of_exposure,Downstream-surrogate-of-exposure family retained under the simplified display rule.,FALSE,Downstream surrogate of exposure,Unnecessary,Retained from the frozen target-specific decision.,Figure4_display_classification_freeze_20260916
T117_BMI_Glucose_AAA,Glucose,AAA,collider,collider,resolved_six_role,,high,conditional,estimated,conditional_supported,not_supported,not_supported,conditional_supported,Unclassified,resolved_target_decision,Conditioning on a collider opens a noncausal pathway for the BMI total-effect target.,287,0.00148987494263747,50.9467791664924,25.7329745745919,25.73297457,-1.36392633298676e-16,collider,Retained from the frozen integrated working-role assignment.,FALSE,Collider,Unclassified,Collider role alone does not resolve the inclusion consequence.,Figure4_display_classification_freeze_20260916
T118_BMI_Glucose_TAA,Glucose,TAA,downstream_surrogate_of_exposure,downstream_surrogate_of_exposure,resolved_six_role,,high,conditional,estimated,conditional_supported,not_supported,not_supported,not_supported,Unnecessary,resolved_target_decision,The canonical surrogate relation does not alter the prespecified BMI total-effect target under the frozen Table 2 rule.,293,-0.0041249899255027,49.9625277322502,30.4322055817627,30.43220558,2.94902990916057e-17,downstream_surrogate_of_exposure,Retained from the frozen integrated working-role assignment.,FALSE,Downstream surrogate of exposure,Unnecessary,Retained from the frozen target-specific decision.,Figure4_display_classification_freeze_20260916
T119_BMI_Glucose_PVD,Glucose,PVD,downstream_surrogate_of_exposure,downstream_surrogate_of_exposure,resolved_six_role,,high,conditional,estimated,conditional_supported,not_supported,not_supported,not_supported,Unnecessary,resolved_target_decision,The canonical surrogate relation does not alter the prespecified BMI total-effect target under the frozen Table 2 rule.,304,0.0368329554685686,50.3018808454043,29.6458077690827,29.64580777,-1.80411241501588e-16,downstream_surrogate_of_exposure,Retained from the frozen integrated working-role assignment.,FALSE,Downstream surrogate of exposure,Unnecessary,Retained from the frozen target-specific decision.,Figure4_display_classification_freeze_20260916
T120_BMI_Glucose_PE,Glucose,PE,downstream_surrogate_of_exposure,downstream_surrogate_of_exposure,resolved_six_role,,high,conditional,estimated,conditional_supported,not_supported,not_supported,not_supported,Unnecessary,resolved_target_decision,The canonical surrogate relation does not alter the prespecified BMI total-effect target under the frozen Table 2 rule.,304,0.00565415367427335,50.3018808454043,29.6458077690827,29.64580777,1.73472347597681e-17,downstream_surrogate_of_exposure,Retained from the frozen integrated working-role assignment.,FALSE,Downstream surrogate of exposure,Unnecessary,Retained from the frozen target-specific decision.,Figure4_display_classification_freeze_20260916
T121_BMI_Glucose_SAH,Glucose,SAH,downstream_surrogate_of_exposure,downstream_surrogate_of_exposure,resolved_six_role,,high,conditional,estimated,conditional_supported,not_supported,not_supported,not_supported,Unnecessary,resolved_target_decision,The canonical surrogate relation does not alter the prespecified BMI total-effect target under the frozen Table 2 rule.,304,0.000267188473070723,50.3018808454043,29.6458077690827,29.64580777,-2.39608680119296e-17,downstream_surrogate_of_exposure,Retained from the frozen integrated working-role assignment.,FALSE,Downstream surrogate of exposure,Unnecessary,Retained from the frozen target-specific decision.,Figure4_display_classification_freeze_20260916
T122_BMI_Glucose_ICH,Glucose,ICH,downstream_surrogate_of_exposure,downstream_surrogate_of_exposure,resolved_six_role,,high,conditional,estimated,conditional_supported,not_supported,not_supported,not_supported,Unnecessary,resolved_target_decision,The canonical surrogate relation does not alter the prespecified BMI total-effect target under the frozen Table 2 rule.,304,0.0139584576961529,50.3018808454043,29.6458077690827,29.64580777,5.72458747072346e-17,downstream_surrogate_of_exposure,Retained from the frozen integrated working-role assignment.,FALSE,Downstream surrogate of exposure,Unnecessary,Retained from the frozen target-specific decision.,Figure4_display_classification_freeze_20260916
T123_BMI_Glucose_DVT,Glucose,DVT,downstream_surrogate_of_exposure,downstream_surrogate_of_exposure,resolved_six_role,,high,conditional,estimated,conditional_supported,not_supported,not_supported,not_supported,Unnecessary,resolved_target_decision,The canonical surrogate relation does not alter the prespecified BMI total-effect target under the frozen Table 2 rule.,304,0.0110850831831866,50.3018808454043,29.6458077690827,29.64580777,6.93889390390723e-17,downstream_surrogate_of_exposure,Retained from the frozen integrated working-role assignment.,FALSE,Downstream surrogate of exposure,Unnecessary,Retained from the frozen target-specific decision.,Figure4_display_classification_freeze_20260916
T124_BMI_Glucose_AVS,Glucose,AVS,downstream_surrogate_of_exposure,downstream_surrogate_of_exposure,resolved_six_role,,high,conditional,estimated,conditional_supported,not_supported,not_supported,not_supported,Unnecessary,resolved_target_decision,The canonical surrogate relation does not alter the prespecified BMI total-effect target under the frozen Table 2 rule.,271,0.0138745726235144,50.7315894025386,30.9100751923667,30.91007519,-2.04697370165263e-16,downstream_surrogate_of_exposure,Retained from the frozen integrated working-role assignment.,FALSE,Downstream surrogate of exposure,Unnecessary,Retained from the frozen target-specific decision.,Figure4_display_classification_freeze_20260916
T125_BMI_Glucose_AF,Glucose,AF,downstream_surrogate_of_exposure,downstream_surrogate_of_exposure,resolved_six_role,,high,conditional,estimated,conditional_supported,not_supported,not_supported,not_supported,Unnecessary,resolved_target_decision,The canonical surrogate relation does not alter the prespecified BMI total-effect target under the frozen Table 2 rule.,304,-0.00664120643525201,50.3018808454043,29.6458077690827,29.64580777,1.47451495458029e-17,downstream_surrogate_of_exposure,Retained from the frozen integrated working-role assignment.,FALSE,Downstream surrogate of exposure,Unnecessary,Retained from the frozen target-specific decision.,Figure4_display_classification_freeze_20260916
T126_BMI_Glucose_HTN,Glucose,HTN,mediator_out_of_library,boundary_unresolved,boundary_unresolved,mediator_like_pathway,unclassified,conditional,estimated,conditional_supported,not_supported,conditional_supported,not_supported,Overadjustment,resolved_target_consequence_boundary_role,Conditional evidence supports BMI -> candidate -> outcome; inclusion changes the BMI total-effect target toward a direct-effect contrast. The structural label remains outside the six-role prevalence.,304,0.0153363573060721,50.3018808454043,29.6458077690827,29.64580777,3.46944695195361e-18,downstream_surrogate_of_exposure,Mediator-like row displayed in the exposure-downstream colour family and marked M.,TRUE,Downstream surrogate of exposure,Overadjustment,Retained from the frozen target-specific decision.,Figure4_display_classification_freeze_20260916
T127_BMI_HbA1c_CAD,HbA1c,CAD,downstream_surrogate_of_exposure,downstream_surrogate_of_exposure,resolved_six_role,,high,conditional,estimated,conditional_supported,not_supported,not_supported,not_supported,Unnecessary,resolved_target_decision,The canonical surrogate relation does not alter the prespecified BMI total-effect target under the frozen Table 2 rule.,362,0.0571753771468706,34.4558196495745,78.5159749409989,34.45581965,-6.93889390390723e-17,downstream_surrogate_of_exposure,Retained from the frozen integrated working-role assignment.,FALSE,Downstream surrogate of exposure,Unnecessary,Retained from the frozen target-specific decision.,Figure4_display_classification_freeze_20260916
T128_BMI_HbA1c_HF,HbA1c,HF,downstream_surrogate_of_exposure,downstream_surrogate_of_exposure,resolved_six_role,,high,conditional,estimated,conditional_supported,not_supported,not_supported,not_supported,Unnecessary,resolved_target_decision,The canonical surrogate relation does not alter the prespecified BMI total-effect target under the frozen Table 2 rule.,362,0.0357449553961948,34.4558196495745,78.5159749409989,34.45581965,3.05311331771918e-16,downstream_surrogate_of_exposure,Retained from the frozen integrated working-role assignment.,FALSE,Downstream surrogate of exposure,Unnecessary,Retained from the frozen target-specific decision.,Figure4_display_classification_freeze_20260916
T129_BMI_HbA1c_IS,HbA1c,IS,mediator_out_of_library,boundary_unresolved,boundary_unresolved,mediator_like_pathway,unclassified,marginal_unresolved,error,robust_supported,unstable,robust_supported,not_estimable,Unclassified,unclassified_structure,"Mediator-like pattern is recorded, but conditional graph evidence is unresolved or unstable; Unclassified is retained because this is the only boundary state allowed to remain unresolved under the final simplified rule.",315,0.0312243652011019,35.6900748952399,67.6691537158196,35.6900749,-9.0205620750794e-17,downstream_surrogate_of_exposure,Mediator-like row displayed in the exposure-downstream colour family and marked M.,TRUE,Downstream surrogate of exposure,Overadjustment,Mediator-like pathway is displayed as Overadjustment for the BMI total-effect target.,Figure4_display_classification_freeze_20260916
T130_BMI_HbA1c_TIA,HbA1c,TIA,downstream_surrogate_of_exposure,boundary_unresolved,boundary_unresolved,insufficiently_informative,low_exploratory,marginal_unresolved,error,robust_supported,unstable,unstable,not_estimable,Unnecessary,resolved_by_simplified_freeze_rule,"Non-mediator boundary state is assigned Unnecessary under the final simplified application rule so that Unclassified is reserved exclusively for unresolved mediator-like pathways. This is an operational classification, not proof that every upstream structural relation is identified.",362,0.0206762646997164,34.4558196495745,78.5159749409989,34.45581965,1.21430643318376e-16,downstream_surrogate_of_exposure,Downstream-surrogate-of-exposure family retained under the simplified display rule.,FALSE,Downstream surrogate of exposure,Unnecessary,Retained from the frozen target-specific decision.,Figure4_display_classification_freeze_20260916
T131_BMI_HbA1c_AAA,HbA1c,AAA,downstream_surrogate_of_exposure,downstream_surrogate_of_exposure,resolved_six_role,,high,conditional,estimated,conditional_supported,not_supported,not_supported,not_supported,Unnecessary,resolved_target_decision,The canonical surrogate relation does not alter the prespecified BMI total-effect target under the frozen Table 2 rule.,345,0.0242476304772745,34.7941657443817,76.198055290233,34.79416574,-9.0205620750794e-17,downstream_surrogate_of_exposure,Retained from the frozen integrated working-role assignment.,FALSE,Downstream surrogate of exposure,Unnecessary,Retained from the frozen target-specific decision.,Figure4_display_classification_freeze_20260916
T132_BMI_HbA1c_TAA,HbA1c,TAA,downstream_surrogate_of_exposure,downstream_surrogate_of_exposure,resolved_six_role,,high,conditional,estimated,conditional_supported,not_supported,not_supported,not_supported,Unnecessary,resolved_target_decision,The canonical surrogate relation does not alter the prespecified BMI total-effect target under the frozen Table 2 rule.,350,0.0156901533727964,34.5752172819761,79.1754544767919,34.57521728,-5.55111512312578e-17,downstream_surrogate_of_exposure,Retained from the frozen integrated working-role assignment.,FALSE,Downstream surrogate of exposure,Unnecessary,Retained from the frozen target-specific decision.,Figure4_display_classification_freeze_20260916
T133_BMI_HbA1c_PVD,HbA1c,PVD,feedback_or_cycle,boundary_unresolved,boundary_unresolved,feedback_or_cycle,unclassified,marginal_unresolved,cyclic_marginal_graph,robust_supported,unstable,robust_supported,robust_supported,Unnecessary,resolved_by_simplified_freeze_rule,"Non-mediator boundary state is assigned Unnecessary under the final simplified application rule so that Unclassified is reserved exclusively for unresolved mediator-like pathways. This is an operational classification, not proof that every upstream structural relation is identified.",362,0.0746469238465349,34.4558196495745,78.5159749409989,34.45581965,-4.16333634234434e-17,downstream_surrogate_of_exposure,HbA1c feedback row follows the dominant exposure-related downstream pattern.,FALSE,Downstream surrogate of exposure,Unnecessary,Retained from the frozen target-specific decision.,Figure4_display_classification_freeze_20260916
T134_BMI_HbA1c_PE,HbA1c,PE,downstream_surrogate_of_exposure,downstream_surrogate_of_exposure,resolved_six_role,,high,conditional,estimated,conditional_supported,not_supported,not_supported,not_supported,Unnecessary,resolved_target_decision,The canonical surrogate relation does not alter the prespecified BMI total-effect target under the frozen Table 2 rule.,362,0.0295926960276958,34.4558196495745,78.5159749409989,34.45581965,-1.66533453693773e-16,downstream_surrogate_of_exposure,Retained from the frozen integrated working-role assignment.,FALSE,Downstream surrogate of exposure,Unnecessary,Retained from the frozen target-specific decision.,Figure4_display_classification_freeze_20260916
T135_BMI_HbA1c_SAH,HbA1c,SAH,downstream_surrogate_of_exposure,downstream_surrogate_of_exposure,resolved_six_role,,high,conditional,estimated,conditional_supported,not_supported,not_supported,not_supported,Unnecessary,resolved_target_decision,The canonical surrogate relation does not alter the prespecified BMI total-effect target under the frozen Table 2 rule.,362,0.0387638875018141,34.4558196495745,78.5159749409989,34.45581965,-4.16333634234434e-17,downstream_surrogate_of_exposure,Retained from the frozen integrated working-role assignment.,FALSE,Downstream surrogate of exposure,Unnecessary,Retained from the frozen target-specific decision.,Figure4_display_classification_freeze_20260916
T136_BMI_HbA1c_ICH,HbA1c,ICH,downstream_surrogate_of_exposure,downstream_surrogate_of_exposure,resolved_six_role,,high,conditional,estimated,conditional_supported,not_supported,not_supported,not_supported,Unnecessary,resolved_target_decision,The canonical surrogate relation does not alter the prespecified BMI total-effect target under the frozen Table 2 rule.,362,0.0328902323682324,34.4558196495745,78.5159749409989,34.45581965,2.15105711021124e-16,downstream_surrogate_of_exposure,Retained from the frozen integrated working-role assignment.,FALSE,Downstream surrogate of exposure,Unnecessary,Retained from the frozen target-specific decision.,Figure4_display_classification_freeze_20260916
T137_BMI_HbA1c_DVT,HbA1c,DVT,downstream_surrogate_of_exposure,downstream_surrogate_of_exposure,resolved_six_role,,high,conditional,estimated,conditional_supported,not_supported,not_supported,not_supported,Unnecessary,resolved_target_decision,The canonical surrogate relation does not alter the prespecified BMI total-effect target under the frozen Table 2 rule.,362,0.011132219679719,34.4558196495745,78.5159749409989,34.45581965,-2.16840434497101e-16,downstream_surrogate_of_exposure,Retained from the frozen integrated working-role assignment.,FALSE,Downstream surrogate of exposure,Unnecessary,Retained from the frozen target-specific decision.,Figure4_display_classification_freeze_20260916
T138_BMI_HbA1c_AVS,HbA1c,AVS,mediator_out_of_library,boundary_unresolved,boundary_unresolved,mediator_like_pathway,unclassified,conditional,estimated,conditional_supported,not_supported,conditional_supported,not_supported,Overadjustment,resolved_target_consequence_boundary_role,Conditional evidence supports BMI -> candidate -> outcome; inclusion changes the BMI total-effect target toward a direct-effect contrast. The structural label remains outside the six-role prevalence.,318,0.0639711493501183,35.6881357130871,74.5804778943338,35.68813571,-3.05311331771918e-16,downstream_surrogate_of_exposure,Mediator-like row displayed in the exposure-downstream colour family and marked M.,TRUE,Downstream surrogate of exposure,Overadjustment,Retained from the frozen target-specific decision.,Figure4_display_classification_freeze_20260916
T139_BMI_HbA1c_AF,HbA1c,AF,downstream_surrogate_of_exposure,downstream_surrogate_of_exposure,resolved_six_role,,high,conditional,estimated,conditional_supported,not_supported,not_supported,not_supported,Unnecessary,resolved_target_decision,The canonical surrogate relation does not alter the prespecified BMI total-effect target under the frozen Table 2 rule.,362,0.0179176858490474,34.4558196495745,78.5159749409989,34.45581965,2.08166817117217e-17,downstream_surrogate_of_exposure,Retained from the frozen integrated working-role assignment.,FALSE,Downstream surrogate of exposure,Unnecessary,Retained from the frozen target-specific decision.,Figure4_display_classification_freeze_20260916
T140_BMI_HbA1c_HTN,HbA1c,HTN,downstream_surrogate_of_exposure,downstream_surrogate_of_exposure,resolved_six_role,,high,conditional,estimated,conditional_supported,not_supported,not_supported,not_supported,Unnecessary,resolved_target_decision,The canonical surrogate relation does not alter the prespecified BMI total-effect target under the frozen Table 2 rule.,362,0.0320438059766017,34.4558196495745,78.5159749409989,34.45581965,-1.17961196366423e-16,downstream_surrogate_of_exposure,Retained from the frozen integrated working-role assignment.,FALSE,Downstream surrogate of exposure,Unnecessary,Retained from the frozen target-specific decision.,Figure4_display_classification_freeze_20260916
T141_BMI_Smoking_CAD,Smoking,CAD,mediator_out_of_library,boundary_unresolved,boundary_unresolved,mediator_like_pathway,unclassified,conditional,estimated,conditional_supported,not_supported,conditional_supported,not_supported,Overadjustment,resolved_target_consequence_boundary_role,Conditional evidence supports BMI -> candidate -> outcome; inclusion changes the BMI total-effect target toward a direct-effect contrast. The structural label remains outside the six-role prevalence.,292,0.0786155527688081,12.8002968017655,3.26330437620584,3.263304376,-1.38777878078145e-17,downstream_surrogate_of_exposure,Mediator-like row displayed in the exposure-downstream colour family and marked M.,TRUE,Downstream surrogate of exposure,Overadjustment,Retained from the frozen target-specific decision.,Figure4_display_classification_freeze_20260916
T142_BMI_Smoking_HF,Smoking,HF,downstream_surrogate_of_exposure,downstream_surrogate_of_exposure,resolved_six_role,,high,conditional,estimated,conditional_supported,not_supported,not_supported,not_supported,Unnecessary,resolved_target_decision,The canonical surrogate relation does not alter the prespecified BMI total-effect target under the frozen Table 2 rule.,292,0.0412144534296534,12.8002968017655,3.26330437620584,3.263304376,-1.38777878078145e-16,downstream_surrogate_of_exposure,Retained from the frozen integrated working-role assignment.,FALSE,Downstream surrogate of exposure,Unnecessary,Retained from the frozen target-specific decision.,Figure4_display_classification_freeze_20260916
T143_BMI_Smoking_IS,Smoking,IS,downstream_surrogate_of_exposure,boundary_unresolved,boundary_unresolved,insufficiently_informative,low_exploratory,marginal_unresolved,error,robust_supported,not_supported,not_supported,not_estimable,Unnecessary,resolved_by_simplified_freeze_rule,"Non-mediator boundary state is assigned Unnecessary under the final simplified application rule so that Unclassified is reserved exclusively for unresolved mediator-like pathways. This is an operational classification, not proof that every upstream structural relation is identified.",254,0.0839783573759345,11.2562828194178,3.25398604472772,3.253986045,8.32667268468867e-17,downstream_surrogate_of_exposure,Downstream-surrogate-of-exposure family retained under the simplified display rule.,FALSE,Downstream surrogate of exposure,Unnecessary,Retained from the frozen target-specific decision.,Figure4_display_classification_freeze_20260916
T144_BMI_Smoking_TIA,Smoking,TIA,downstream_surrogate_of_exposure,boundary_unresolved,boundary_unresolved,insufficiently_informative,low_exploratory,marginal_unresolved,error,robust_supported,not_supported,not_supported,not_estimable,Unnecessary,resolved_by_simplified_freeze_rule,"Non-mediator boundary state is assigned Unnecessary under the final simplified application rule so that Unclassified is reserved exclusively for unresolved mediator-like pathways. This is an operational classification, not proof that every upstream structural relation is identified.",292,0.0452795504633307,12.8002968017655,3.26330437620584,3.263304376,2.08166817117217e-16,downstream_surrogate_of_exposure,Downstream-surrogate-of-exposure family retained under the simplified display rule.,FALSE,Downstream surrogate of exposure,Unnecessary,Retained from the frozen target-specific decision.,Figure4_display_classification_freeze_20260916
T145_BMI_Smoking_AAA,Smoking,AAA,collider,collider,resolved_six_role,,high,conditional,estimated,conditional_supported,not_supported,not_supported,conditional_supported,Unclassified,resolved_target_decision,Conditioning on a collider opens a noncausal pathway for the BMI total-effect target.,280,0.162940457350065,12.700235746809,3.12542204070638,3.125422041,-1.66533453693773e-16,collider,Retained from the frozen integrated working-role assignment.,FALSE,Collider,Unclassified,Collider role alone does not resolve the inclusion consequence.,Figure4_display_classification_freeze_20260916
T146_BMI_Smoking_TAA,Smoking,TAA,downstream_surrogate_of_exposure,downstream_surrogate_of_exposure,resolved_six_role,,high,conditional,estimated,conditional_supported,not_supported,not_supported,not_supported,Unnecessary,resolved_target_decision,The canonical surrogate relation does not alter the prespecified BMI total-effect target under the frozen Table 2 rule.,280,0.113710395084046,12.8311415801379,3.30436071198083,3.304360712,-6.93889390390723e-17,downstream_surrogate_of_exposure,Retained from the frozen integrated working-role assignment.,FALSE,Downstream surrogate of exposure,Unnecessary,Retained from the frozen target-specific decision.,Figure4_display_classification_freeze_20260916
T147_BMI_Smoking_PVD,Smoking,PVD,mediator_out_of_library,boundary_unresolved,boundary_unresolved,mediator_like_pathway,unclassified,conditional,estimated,conditional_supported,not_supported,conditional_supported,not_supported,Overadjustment,resolved_target_consequence_boundary_role,Conditional evidence supports BMI -> candidate -> outcome; inclusion changes the BMI total-effect target toward a direct-effect contrast. The structural label remains outside the six-role prevalence.,292,0.183811898984328,12.8002968017655,3.26330437620584,3.263304376,-8.32667268468867e-17,downstream_surrogate_of_exposure,Mediator-like row displayed in the exposure-downstream colour family and marked M.,TRUE,Downstream surrogate of exposure,Overadjustment,Retained from the frozen target-specific decision.,Figure4_display_classification_freeze_20260916
T148_BMI_Smoking_PE,Smoking,PE,downstream_surrogate_of_exposure,downstream_surrogate_of_exposure,resolved_six_role,,high,conditional,estimated,conditional_supported,not_supported,not_supported,not_supported,Unnecessary,resolved_target_decision,The canonical surrogate relation does not alter the prespecified BMI total-effect target under the frozen Table 2 rule.,292,0.118668402169984,12.8002968017655,3.26330437620584,3.263304376,-6.93889390390723e-17,downstream_surrogate_of_exposure,Retained from the frozen integrated working-role assignment.,FALSE,Downstream surrogate of exposure,Unnecessary,Retained from the frozen target-specific decision.,Figure4_display_classification_freeze_20260916
T149_BMI_Smoking_SAH,Smoking,SAH,downstream_surrogate_of_exposure,downstream_surrogate_of_exposure,resolved_six_role,,high,conditional,estimated,conditional_supported,not_supported,not_supported,not_supported,Unnecessary,resolved_target_decision,The canonical surrogate relation does not alter the prespecified BMI total-effect target under the frozen Table 2 rule.,292,0.11585599492853,12.8002968017655,3.26330437620584,3.263304376,6.93889390390723e-17,downstream_surrogate_of_exposure,Retained from the frozen integrated working-role assignment.,FALSE,Downstream surrogate of exposure,Unnecessary,Retained from the frozen target-specific decision.,Figure4_display_classification_freeze_20260916
T150_BMI_Smoking_ICH,Smoking,ICH,downstream_surrogate_of_exposure,downstream_surrogate_of_exposure,resolved_six_role,,high,conditional,estimated,conditional_supported,not_supported,not_supported,not_supported,Unnecessary,resolved_target_decision,The canonical surrogate relation does not alter the prespecified BMI total-effect target under the frozen Table 2 rule.,292,-0.00741944363664504,12.8002968017655,3.26330437620584,3.263304376,-7.63278329429795e-17,downstream_surrogate_of_exposure,Retained from the frozen integrated working-role assignment.,FALSE,Downstream surrogate of exposure,Unnecessary,Retained from the frozen target-specific decision.,Figure4_display_classification_freeze_20260916
T151_BMI_Smoking_DVT,Smoking,DVT,downstream_surrogate_of_exposure,downstream_surrogate_of_exposure,resolved_six_role,,high,conditional,estimated,conditional_supported,not_supported,not_supported,not_supported,Unnecessary,resolved_target_decision,The canonical surrogate relation does not alter the prespecified BMI total-effect target under the frozen Table 2 rule.,292,0.0523074359241542,12.8002968017655,3.26330437620584,3.263304376,-2.08166817117217e-17,downstream_surrogate_of_exposure,Retained from the frozen integrated working-role assignment.,FALSE,Downstream surrogate of exposure,Unnecessary,Retained from the frozen target-specific decision.,Figure4_display_classification_freeze_20260916
T152_BMI_Smoking_AVS,Smoking,AVS,downstream_surrogate_of_exposure,downstream_surrogate_of_exposure,resolved_six_role,,high,conditional,estimated,conditional_supported,not_supported,not_supported,not_supported,Unnecessary,resolved_target_decision,The canonical surrogate relation does not alter the prespecified BMI total-effect target under the frozen Table 2 rule.,260,0.0663607157520698,9.44319225268945,2.86788509677322,2.867885097,1.38777878078145e-16,downstream_surrogate_of_exposure,Retained from the frozen integrated working-role assignment.,FALSE,Downstream surrogate of exposure,Unnecessary,Retained from the frozen target-specific decision.,Figure4_display_classification_freeze_20260916
T153_BMI_Smoking_AF,Smoking,AF,collider,collider,resolved_six_role,,moderate,conditional,estimated,conditional_supported,not_supported,not_supported,conditional_supported,Unclassified,resolved_target_decision,Conditioning on a collider opens a noncausal pathway for the BMI total-effect target.,292,0.0257684203268741,12.8002968017655,3.26330437620584,3.263304376,-1.2490009027033e-16,collider,Retained from the frozen integrated working-role assignment.,FALSE,Collider,Unclassified,Collider role alone does not resolve the inclusion consequence.,Figure4_display_classification_freeze_20260916
T154_BMI_Smoking_HTN,Smoking,HTN,downstream_surrogate_of_exposure,downstream_surrogate_of_exposure,resolved_six_role,,high,conditional,estimated,conditional_supported,not_supported,not_supported,not_supported,Unnecessary,resolved_target_decision,The canonical surrogate relation does not alter the prespecified BMI total-effect target under the frozen Table 2 rule.,292,0.0409333291726556,12.8002968017655,3.26330437620584,3.263304376,1.38777878078145e-17,downstream_surrogate_of_exposure,Retained from the frozen integrated working-role assignment.,FALSE,Downstream surrogate of exposure,Unnecessary,Retained from the frozen target-specific decision.,Figure4_display_classification_freeze_20260916
T155_BMI_Alcohol_CAD,Alcohol,CAD,mediator_out_of_library,boundary_unresolved,boundary_unresolved,mediator_like_pathway,unclassified,conditional,estimated,conditional_supported,not_supported,conditional_supported,not_supported,Overadjustment,resolved_target_consequence_boundary_role,Conditional evidence supports BMI -> candidate -> outcome; inclusion changes the BMI total-effect target toward a direct-effect contrast. The structural label remains outside the six-role prevalence.,290,-0.00226926074983891,22.1553293835189,1.75048464126736,1.750484641,2.47198095326695e-17,downstream_surrogate_of_exposure,Mediator-like row displayed in the exposure-downstream colour family and marked M.,TRUE,Downstream surrogate of exposure,Overadjustment,Retained from the frozen target-specific decision.,Figure4_display_classification_freeze_20260916
T156_BMI_Alcohol_HF,Alcohol,HF,collider,collider,resolved_six_role,,high,conditional,estimated,conditional_supported,not_supported,not_supported,conditional_supported,Unclassified,resolved_target_decision,Conditioning on a collider opens a noncausal pathway for the BMI total-effect target.,290,0.0129372468075301,22.1553293835189,1.75048464126736,1.750484641,1.90819582357449e-17,collider,Retained from the frozen integrated working-role assignment.,FALSE,Collider,Unclassified,Collider role alone does not resolve the inclusion consequence.,Figure4_display_classification_freeze_20260916
T157_BMI_Alcohol_IS,Alcohol,IS,downstream_surrogate_of_exposure,boundary_unresolved,boundary_unresolved,insufficiently_informative,low_exploratory,marginal_unresolved,error,robust_supported,not_supported,not_supported,not_estimable,Unnecessary,resolved_by_simplified_freeze_rule,"Non-mediator boundary state is assigned Unnecessary under the final simplified application rule so that Unclassified is reserved exclusively for unresolved mediator-like pathways. This is an operational classification, not proof that every upstream structural relation is identified.",253,-0.0138260427068514,9.59321530732858,1.62200082624225,1.622000826,1.66533453693773e-16,downstream_surrogate_of_exposure,Downstream-surrogate-of-exposure family retained under the simplified display rule.,FALSE,Downstream surrogate of exposure,Unnecessary,Retained from the frozen target-specific decision.,Figure4_display_classification_freeze_20260916
T158_BMI_Alcohol_TIA,Alcohol,TIA,downstream_surrogate_of_exposure,boundary_unresolved,boundary_unresolved,insufficiently_informative,low_exploratory,marginal_unresolved,error,robust_supported,not_supported,not_supported,not_estimable,Unnecessary,resolved_by_simplified_freeze_rule,"Non-mediator boundary state is assigned Unnecessary under the final simplified application rule so that Unclassified is reserved exclusively for unresolved mediator-like pathways. This is an operational classification, not proof that every upstream structural relation is identified.",290,0.0214417440674972,22.1553293835189,1.75048464126736,1.750484641,-4.16333634234434e-17,downstream_surrogate_of_exposure,Downstream-surrogate-of-exposure family retained under the simplified display rule.,FALSE,Downstream surrogate of exposure,Unnecessary,Retained from the frozen target-specific decision.,Figure4_display_classification_freeze_20260916
T159_BMI_Alcohol_AAA,Alcohol,AAA,mediator_out_of_library,boundary_unresolved,boundary_unresolved,mediator_like_pathway,unclassified,conditional,estimated,conditional_supported,not_supported,conditional_supported,not_supported,Overadjustment,resolved_target_consequence_boundary_role,Conditional evidence supports BMI -> candidate -> outcome; inclusion changes the BMI total-effect target toward a direct-effect contrast. The structural label remains outside the six-role prevalence.,278,-0.0206078928487298,22.461782074637,1.74789900846207,1.747899008,-1.2490009027033e-16,downstream_surrogate_of_exposure,Mediator-like row displayed in the exposure-downstream colour family and marked M.,TRUE,Downstream surrogate of exposure,Overadjustment,Retained from the frozen target-specific decision.,Figure4_display_classification_freeze_20260916
T160_BMI_Alcohol_TAA,Alcohol,TAA,downstream_surrogate_of_exposure,downstream_surrogate_of_exposure,resolved_six_role,,high,conditional,estimated,conditional_supported,not_supported,not_supported,not_supported,Unnecessary,resolved_target_decision,The canonical surrogate relation does not alter the prespecified BMI total-effect target under the frozen Table 2 rule.,278,0.0811496464225205,22.2289142840488,1.76734044701848,1.767340447,-1.38777878078145e-16,downstream_surrogate_of_exposure,Retained from the frozen integrated working-role assignment.,FALSE,Downstream surrogate of exposure,Unnecessary,Retained from the frozen target-specific decision.,Figure4_display_classification_freeze_20260916
T161_BMI_Alcohol_PVD,Alcohol,PVD,mediator_out_of_library,boundary_unresolved,boundary_unresolved,mediator_like_pathway,unclassified,conditional,estimated,conditional_supported,not_supported,conditional_supported,not_supported,Overadjustment,resolved_target_consequence_boundary_role,Conditional evidence supports BMI -> candidate -> outcome; inclusion changes the BMI total-effect target toward a direct-effect contrast. The structural label remains outside the six-role prevalence.,290,0.0298538276309471,22.1553293835189,1.75048464126736,1.750484641,-3.46944695195361e-18,downstream_surrogate_of_exposure,Mediator-like row displayed in the exposure-downstream colour family and marked M.,TRUE,Downstream surrogate of exposure,Overadjustment,Retained from the frozen target-specific decision.,Figure4_display_classification_freeze_20260916
T162_BMI_Alcohol_PE,Alcohol,PE,downstream_surrogate_of_exposure,downstream_surrogate_of_exposure,resolved_six_role,,high,conditional,estimated,conditional_supported,not_supported,not_supported,not_supported,Unnecessary,resolved_target_decision,The canonical surrogate relation does not alter the prespecified BMI total-effect target under the frozen Table 2 rule.,290,0.043667399798169,22.1553293835189,1.75048464126736,1.750484641,-4.85722573273506e-17,downstream_surrogate_of_exposure,Retained from the frozen integrated working-role assignment.,FALSE,Downstream surrogate of exposure,Unnecessary,Retained from the frozen target-specific decision.,Figure4_display_classification_freeze_20260916
T163_BMI_Alcohol_SAH,Alcohol,SAH,downstream_surrogate_of_exposure,downstream_surrogate_of_exposure,resolved_six_role,,high,conditional,estimated,conditional_supported,not_supported,not_supported,not_supported,Unnecessary,resolved_target_decision,The canonical surrogate relation does not alter the prespecified BMI total-effect target under the frozen Table 2 rule.,290,-0.0659337812963843,22.1553293835189,1.75048464126736,1.750484641,2.77555756156289e-17,downstream_surrogate_of_exposure,Retained from the frozen integrated working-role assignment.,FALSE,Downstream surrogate of exposure,Unnecessary,Retained from the frozen target-specific decision.,Figure4_display_classification_freeze_20260916
T164_BMI_Alcohol_ICH,Alcohol,ICH,downstream_surrogate_of_exposure,downstream_surrogate_of_exposure,resolved_six_role,,high,conditional,estimated,conditional_supported,not_supported,not_supported,not_supported,Unnecessary,resolved_target_decision,The canonical surrogate relation does not alter the prespecified BMI total-effect target under the frozen Table 2 rule.,290,0.0837262739017453,22.1553293835189,1.75048464126736,1.750484641,-2.77555756156289e-17,downstream_surrogate_of_exposure,Retained from the frozen integrated working-role assignment.,FALSE,Downstream surrogate of exposure,Unnecessary,Retained from the frozen target-specific decision.,Figure4_display_classification_freeze_20260916
T165_BMI_Alcohol_DVT,Alcohol,DVT,downstream_surrogate_of_exposure,downstream_surrogate_of_exposure,resolved_six_role,,high,conditional,estimated,conditional_supported,not_supported,not_supported,not_supported,Unnecessary,resolved_target_decision,The canonical surrogate relation does not alter the prespecified BMI total-effect target under the frozen Table 2 rule.,290,0.0247299920901959,22.1553293835189,1.75048464126736,1.750484641,5.89805981832114e-17,downstream_surrogate_of_exposure,Retained from the frozen integrated working-role assignment.,FALSE,Downstream surrogate of exposure,Unnecessary,Retained from the frozen target-specific decision.,Figure4_display_classification_freeze_20260916
T166_BMI_Alcohol_AVS,Alcohol,AVS,mediator_out_of_library,boundary_unresolved,boundary_unresolved,mediator_like_pathway,unclassified,conditional,estimated,conditional_supported,not_supported,conditional_supported,not_supported,Overadjustment,resolved_target_consequence_boundary_role,Conditional evidence supports BMI -> candidate -> outcome; inclusion changes the BMI total-effect target toward a direct-effect contrast. The structural label remains outside the six-role prevalence.,258,0.0184448887657604,22.8871720160292,1.79406146352361,1.794061464,-6.93889390390723e-17,downstream_surrogate_of_exposure,Mediator-like row displayed in the exposure-downstream colour family and marked M.,TRUE,Downstream surrogate of exposure,Overadjustment,Retained from the frozen target-specific decision.,Figure4_display_classification_freeze_20260916
T167_BMI_Alcohol_AF,Alcohol,AF,collider,collider,resolved_six_role,,moderate,conditional,estimated,conditional_supported,not_supported,not_supported,conditional_supported,Unclassified,resolved_target_decision,Conditioning on a collider opens a noncausal pathway for the BMI total-effect target.,290,-0.01023424512737,22.1553293835189,1.75048464126736,1.750484641,-7.28583859910259e-17,collider,Retained from the frozen integrated working-role assignment.,FALSE,Collider,Unclassified,Collider role alone does not resolve the inclusion consequence.,Figure4_display_classification_freeze_20260916
T168_BMI_Alcohol_HTN,Alcohol,HTN,mediator_out_of_library,boundary_unresolved,boundary_unresolved,mediator_like_pathway,unclassified,conditional,estimated,conditional_supported,not_supported,conditional_supported,not_supported,Overadjustment,resolved_target_consequence_boundary_role,Conditional evidence supports BMI -> candidate -> outcome; inclusion changes the BMI total-effect target toward a direct-effect contrast. The structural label remains outside the six-role prevalence.,290,0.00754859424642551,22.1553293835189,1.75048464126736,1.750484641,-4.25007251614318e-17,downstream_surrogate_of_exposure,Mediator-like row displayed in the exposure-downstream colour family and marked M.,TRUE,Downstream surrogate of exposure,Overadjustment,Retained from the frozen target-specific decision.,Figure4_display_classification_freeze_20260916
